	ep14467_s0	ep8081_s0	ep8752_s0	ep11022_s0	ep16998_s0	ep18029_s0	ep12828_s0	ep18776_s0	ep13899_s0	ep15828_s0	ep9195_s0	ep19633_s0	ep13699_s0	ep11302_s0	ep16549_s0	ep12759_s0	ep10182_s0	ep13909_s0	ep10882_s0	ep19802_s0	ep11589_s0	ep18265_s0	ep9823_s0	ep18124_s0	ep15363_s0	ep17524_s0	ep12216_s0	ep17357_s0	ep7374_s0	ep7751_s0	ep19516_s0	ep8596_s0	ep16735_s0	ep18010_s0	ep14570_s0	ep10157_s0	ep7028_s0	ep9339_s0	ep16051_s0	ep15100_s0	ep19498_s0	ep15635_s0	ep9375_s0	ep14687_s0	ep11662_s0	ep238_s0	ep7182_s0	ep18556_s0	ep6318_s0	ep10825_s0	ep11157_s0	ep19832_s0	ep17468_s0	ep8689_s0	ep12140_s0	ep14438_s0	ep17062_s0	ep18630_s0	ep17891_s0	ep10177_s0	ep17195_s0	ep8316_s0	ep18355_s0	ep9260_s0	ep16597_s0	ep10414_s0	ep9997_s0	ep12218_s0	ep11024_s0	ep2199_s0	ep8360_s0	ep17692_s0	ep11867_s0	ep18342_s0	ep14078_s0	ep11050_s0	ep19196_s0	ep15155_s0	ep14648_s0	ep13334_s0	ep15771_s0	ep15997_s0	ep19064_s0	ep14541_s0	ep11060_s0	ep16699_s0	ep13586_s0	ep15909_s0	ep3356_s0	ep8273_s0	ep8238_s0	ep14134_s0	ep15881_s0	ep12876_s0	ep8193_s0	ep19889_s0	ep7970_s0	ep16972_s0	ep16349_s0	ep15799_s0
ep14467_s0	1.000000	1.000000	1.000000	1.000000	1.000000	1.000000	1.000000	1.000000	1.000000	1.000000	1.000000	1.000000	1.000000	1.000000	1.000000	1.000000	1.000000	1.000000	0.000000	1.000000	1.000000	1.000000	1.000000	1.000000	1.000000	1.000000	1.000000	1.000000	1.000000	1.000000	1.000000	1.000000	1.000000	1.000000	0.000000	0.000000	0.000000	1.000000	0.000000	0.000000	1.000000	1.000000	1.000000	0.000000	1.000000	1.000000	0.000000	1.000000	0.000000	1.000000	1.000000	1.000000	1.000000	1.000000	1.000000	1.000000	1.000000	1.000000	1.000000	1.000000	1.000000	1.000000	1.000000	1.000000	1.000000	0.000000	1.000000	1.000000	1.000000	0.000000	1.000000	1.000000	0.000000	1.000000	1.000000	1.000000	1.000000	1.000000	1.000000	1.000000	0.000000	1.000000	1.000000	0.000000	1.000000	1.000000	1.000000	1.000000	0.000000	1.000000	1.000000	1.000000	1.000000	0.000000	1.000000	1.000000	1.000000	0.000000	1.000000	1.000000
ep8081_s0	1.000000	1.000000	1.000000	1.000000	1.000000	1.000000	1.000000	1.000000	1.000000	1.000000	1.000000	1.000000	1.000000	1.000000	1.000000	1.000000	1.000000	1.000000	0.000000	1.000000	1.000000	1.000000	1.000000	1.000000	1.000000	1.000000	1.000000	1.000000	1.000000	1.000000	1.000000	1.000000	1.000000	1.000000	0.000000	0.000000	0.000000	1.000000	0.000000	0.000000	1.000000	1.000000	1.000000	0.000000	1.000000	1.000000	0.000000	1.000000	0.000000	1.000000	1.000000	1.000000	1.000000	1.000000	1.000000	1.000000	1.000000	1.000000	1.000000	1.000000	1.000000	1.000000	1.000000	1.000000	1.000000	0.000000	1.000000	1.000000	1.000000	0.000000	1.000000	1.000000	0.000000	1.000000	1.000000	1.000000	1.000000	1.000000	1.000000	1.000000	0.000000	1.000000	1.000000	0.000000	1.000000	1.000000	1.000000	1.000000	0.000000	1.000000	1.000000	1.000000	1.000000	0.000000	1.000000	1.000000	1.000000	0.000000	1.000000	1.000000
ep8752_s0	1.000000	1.000000	1.000000	1.000000	1.000000	1.000000	1.000000	1.000000	1.000000	1.000000	1.000000	1.000000	1.000000	1.000000	1.000000	1.000000	1.000000	1.000000	0.000000	1.000000	1.000000	1.000000	1.000000	1.000000	1.000000	1.000000	1.000000	1.000000	1.000000	1.000000	1.000000	1.000000	1.000000	1.000000	0.000000	0.000000	0.000000	1.000000	0.000000	0.000000	1.000000	1.000000	1.000000	0.000000	1.000000	1.000000	0.000000	1.000000	0.000000	1.000000	1.000000	1.000000	1.000000	1.000000	1.000000	1.000000	1.000000	1.000000	1.000000	1.000000	1.000000	1.000000	1.000000	1.000000	1.000000	0.000000	1.000000	1.000000	1.000000	0.000000	1.000000	1.000000	0.000000	1.000000	1.000000	1.000000	1.000000	1.000000	1.000000	1.000000	0.000000	1.000000	1.000000	0.000000	1.000000	1.000000	1.000000	1.000000	0.000000	1.000000	1.000000	1.000000	1.000000	0.000000	1.000000	1.000000	1.000000	0.000000	1.000000	1.000000
ep11022_s0	1.000000	1.000000	1.000000	1.000000	1.000000	1.000000	1.000000	1.000000	1.000000	1.000000	1.000000	1.000000	1.000000	1.000000	1.000000	1.000000	1.000000	1.000000	0.000000	1.000000	1.000000	1.000000	1.000000	1.000000	1.000000	1.000000	1.000000	1.000000	1.000000	1.000000	1.000000	1.000000	1.000000	1.000000	0.000000	0.000000	0.000000	1.000000	0.000000	0.000000	1.000000	1.000000	1.000000	0.000000	1.000000	1.000000	0.000000	1.000000	0.000000	1.000000	1.000000	1.000000	1.000000	1.000000	1.000000	1.000000	1.000000	1.000000	1.000000	1.000000	1.000000	1.000000	1.000000	1.000000	1.000000	0.000000	1.000000	1.000000	1.000000	0.000000	1.000000	1.000000	0.000000	1.000000	1.000000	1.000000	1.000000	1.000000	1.000000	1.000000	0.000000	1.000000	1.000000	0.000000	1.000000	1.000000	1.000000	1.000000	0.000000	1.000000	1.000000	1.000000	1.000000	0.000000	1.000000	1.000000	1.000000	0.000000	1.000000	1.000000
ep16998_s0	1.000000	1.000000	1.000000	1.000000	1.000000	1.000000	1.000000	1.000000	1.000000	1.000000	1.000000	1.000000	1.000000	1.000000	1.000000	1.000000	1.000000	1.000000	0.000000	1.000000	1.000000	1.000000	1.000000	1.000000	1.000000	1.000000	1.000000	1.000000	1.000000	1.000000	1.000000	1.000000	1.000000	1.000000	0.000000	0.000000	0.000000	1.000000	0.000000	0.000000	1.000000	1.000000	1.000000	0.000000	1.000000	1.000000	0.000000	1.000000	0.000000	1.000000	1.000000	1.000000	1.000000	1.000000	1.000000	1.000000	1.000000	1.000000	1.000000	1.000000	1.000000	1.000000	1.000000	1.000000	1.000000	0.000000	1.000000	1.000000	1.000000	0.000000	1.000000	1.000000	0.000000	1.000000	1.000000	1.000000	1.000000	1.000000	1.000000	1.000000	0.000000	1.000000	1.000000	0.000000	1.000000	1.000000	1.000000	1.000000	0.000000	1.000000	1.000000	1.000000	1.000000	0.000000	1.000000	1.000000	1.000000	0.000000	1.000000	1.000000
ep18029_s0	1.000000	1.000000	1.000000	1.000000	1.000000	1.000000	1.000000	1.000000	1.000000	1.000000	1.000000	1.000000	1.000000	1.000000	1.000000	1.000000	1.000000	1.000000	0.000000	1.000000	1.000000	1.000000	1.000000	1.000000	1.000000	1.000000	1.000000	1.000000	1.000000	1.000000	1.000000	1.000000	1.000000	1.000000	0.000000	0.000000	0.000000	1.000000	0.000000	0.000000	1.000000	1.000000	1.000000	0.000000	1.000000	1.000000	0.000000	1.000000	0.000000	1.000000	1.000000	1.000000	1.000000	1.000000	1.000000	1.000000	1.000000	1.000000	1.000000	1.000000	1.000000	1.000000	1.000000	1.000000	1.000000	0.000000	1.000000	1.000000	1.000000	0.000000	1.000000	1.000000	0.000000	1.000000	1.000000	1.000000	1.000000	1.000000	1.000000	1.000000	0.000000	1.000000	1.000000	0.000000	1.000000	1.000000	1.000000	1.000000	0.000000	1.000000	1.000000	1.000000	1.000000	0.000000	1.000000	1.000000	1.000000	0.000000	1.000000	1.000000
ep12828_s0	1.000000	1.000000	1.000000	1.000000	1.000000	1.000000	1.000000	1.000000	1.000000	1.000000	1.000000	1.000000	1.000000	1.000000	1.000000	1.000000	1.000000	1.000000	0.000000	1.000000	1.000000	1.000000	1.000000	1.000000	1.000000	1.000000	1.000000	1.000000	1.000000	1.000000	1.000000	1.000000	1.000000	1.000000	0.000000	0.000000	0.000000	1.000000	0.000000	0.000000	1.000000	1.000000	1.000000	0.000000	1.000000	1.000000	0.000000	1.000000	0.000000	1.000000	1.000000	1.000000	1.000000	1.000000	1.000000	1.000000	1.000000	1.000000	1.000000	1.000000	1.000000	1.000000	1.000000	1.000000	1.000000	0.000000	1.000000	1.000000	1.000000	0.000000	1.000000	1.000000	0.000000	1.000000	1.000000	1.000000	1.000000	1.000000	1.000000	1.000000	0.000000	1.000000	1.000000	0.000000	1.000000	1.000000	1.000000	1.000000	0.000000	1.000000	1.000000	1.000000	1.000000	0.000000	1.000000	1.000000	1.000000	0.000000	1.000000	1.000000
ep18776_s0	1.000000	1.000000	1.000000	1.000000	1.000000	1.000000	1.000000	1.000000	1.000000	1.000000	1.000000	1.000000	1.000000	1.000000	1.000000	1.000000	1.000000	1.000000	0.000000	1.000000	1.000000	1.000000	1.000000	1.000000	1.000000	1.000000	1.000000	1.000000	1.000000	1.000000	1.000000	1.000000	1.000000	1.000000	0.000000	0.000000	0.000000	1.000000	0.000000	0.000000	1.000000	1.000000	1.000000	0.000000	1.000000	1.000000	0.000000	1.000000	0.000000	1.000000	1.000000	1.000000	1.000000	1.000000	1.000000	1.000000	1.000000	1.000000	1.000000	1.000000	1.000000	1.000000	1.000000	1.000000	1.000000	0.000000	1.000000	1.000000	1.000000	0.000000	1.000000	1.000000	0.000000	1.000000	1.000000	1.000000	1.000000	1.000000	1.000000	1.000000	0.000000	1.000000	1.000000	0.000000	1.000000	1.000000	1.000000	1.000000	0.000000	1.000000	1.000000	1.000000	1.000000	0.000000	1.000000	1.000000	1.000000	0.000000	1.000000	1.000000
ep13899_s0	1.000000	1.000000	1.000000	1.000000	1.000000	1.000000	1.000000	1.000000	1.000000	1.000000	1.000000	1.000000	1.000000	1.000000	1.000000	1.000000	1.000000	1.000000	0.000000	1.000000	1.000000	1.000000	1.000000	1.000000	1.000000	1.000000	1.000000	1.000000	1.000000	1.000000	1.000000	1.000000	1.000000	1.000000	0.000000	0.000000	0.000000	1.000000	0.000000	0.000000	1.000000	1.000000	1.000000	0.000000	1.000000	1.000000	0.000000	1.000000	0.000000	1.000000	1.000000	1.000000	1.000000	1.000000	1.000000	1.000000	1.000000	1.000000	1.000000	1.000000	1.000000	1.000000	1.000000	1.000000	1.000000	0.000000	1.000000	1.000000	1.000000	0.000000	1.000000	1.000000	0.000000	1.000000	1.000000	1.000000	1.000000	1.000000	1.000000	1.000000	0.000000	1.000000	1.000000	0.000000	1.000000	1.000000	1.000000	1.000000	0.000000	1.000000	1.000000	1.000000	1.000000	0.000000	1.000000	1.000000	1.000000	0.000000	1.000000	1.000000
ep15828_s0	1.000000	1.000000	1.000000	1.000000	1.000000	1.000000	1.000000	1.000000	1.000000	1.000000	1.000000	1.000000	1.000000	1.000000	1.000000	1.000000	1.000000	1.000000	0.000000	1.000000	1.000000	1.000000	1.000000	1.000000	1.000000	1.000000	1.000000	1.000000	1.000000	1.000000	1.000000	1.000000	1.000000	1.000000	0.000000	0.000000	0.000000	1.000000	0.000000	0.000000	1.000000	1.000000	1.000000	0.000000	1.000000	1.000000	0.000000	1.000000	0.000000	1.000000	1.000000	1.000000	1.000000	1.000000	1.000000	1.000000	1.000000	1.000000	1.000000	1.000000	1.000000	1.000000	1.000000	1.000000	1.000000	0.000000	1.000000	1.000000	1.000000	0.000000	1.000000	1.000000	0.000000	1.000000	1.000000	1.000000	1.000000	1.000000	1.000000	1.000000	0.000000	1.000000	1.000000	0.000000	1.000000	1.000000	1.000000	1.000000	0.000000	1.000000	1.000000	1.000000	1.000000	0.000000	1.000000	1.000000	1.000000	0.000000	1.000000	1.000000
ep9195_s0	1.000000	1.000000	1.000000	1.000000	1.000000	1.000000	1.000000	1.000000	1.000000	1.000000	1.000000	1.000000	1.000000	1.000000	1.000000	1.000000	1.000000	1.000000	0.000000	1.000000	1.000000	1.000000	1.000000	1.000000	1.000000	1.000000	1.000000	1.000000	1.000000	1.000000	1.000000	1.000000	1.000000	1.000000	0.000000	0.000000	0.000000	1.000000	0.000000	0.000000	1.000000	1.000000	1.000000	0.000000	1.000000	1.000000	0.000000	1.000000	0.000000	1.000000	1.000000	1.000000	1.000000	1.000000	1.000000	1.000000	1.000000	1.000000	1.000000	1.000000	1.000000	1.000000	1.000000	1.000000	1.000000	0.000000	1.000000	1.000000	1.000000	0.000000	1.000000	1.000000	0.000000	1.000000	1.000000	1.000000	1.000000	1.000000	1.000000	1.000000	0.000000	1.000000	1.000000	0.000000	1.000000	1.000000	1.000000	1.000000	0.000000	1.000000	1.000000	1.000000	1.000000	0.000000	1.000000	1.000000	1.000000	0.000000	1.000000	1.000000
ep19633_s0	1.000000	1.000000	1.000000	1.000000	1.000000	1.000000	1.000000	1.000000	1.000000	1.000000	1.000000	1.000000	1.000000	1.000000	1.000000	1.000000	1.000000	1.000000	0.000000	1.000000	1.000000	1.000000	1.000000	1.000000	1.000000	1.000000	1.000000	1.000000	1.000000	1.000000	1.000000	1.000000	1.000000	1.000000	0.000000	0.000000	0.000000	1.000000	0.000000	0.000000	1.000000	1.000000	1.000000	0.000000	1.000000	1.000000	0.000000	1.000000	0.000000	1.000000	1.000000	1.000000	1.000000	1.000000	1.000000	1.000000	1.000000	1.000000	1.000000	1.000000	1.000000	1.000000	1.000000	1.000000	1.000000	0.000000	1.000000	1.000000	1.000000	0.000000	1.000000	1.000000	0.000000	1.000000	1.000000	1.000000	1.000000	1.000000	1.000000	1.000000	0.000000	1.000000	1.000000	0.000000	1.000000	1.000000	1.000000	1.000000	0.000000	1.000000	1.000000	1.000000	1.000000	0.000000	1.000000	1.000000	1.000000	0.000000	1.000000	1.000000
ep13699_s0	1.000000	1.000000	1.000000	1.000000	1.000000	1.000000	1.000000	1.000000	1.000000	1.000000	1.000000	1.000000	1.000000	1.000000	1.000000	1.000000	1.000000	1.000000	0.000000	1.000000	1.000000	1.000000	1.000000	1.000000	1.000000	1.000000	1.000000	1.000000	1.000000	1.000000	1.000000	1.000000	1.000000	1.000000	0.000000	0.000000	0.000000	1.000000	0.000000	0.000000	1.000000	1.000000	1.000000	0.000000	1.000000	1.000000	0.000000	1.000000	0.000000	1.000000	1.000000	1.000000	1.000000	1.000000	1.000000	1.000000	1.000000	1.000000	1.000000	1.000000	1.000000	1.000000	1.000000	1.000000	1.000000	0.000000	1.000000	1.000000	1.000000	0.000000	1.000000	1.000000	0.000000	1.000000	1.000000	1.000000	1.000000	1.000000	1.000000	1.000000	0.000000	1.000000	1.000000	0.000000	1.000000	1.000000	1.000000	1.000000	0.000000	1.000000	1.000000	1.000000	1.000000	0.000000	1.000000	1.000000	1.000000	0.000000	1.000000	1.000000
ep11302_s0	1.000000	1.000000	1.000000	1.000000	1.000000	1.000000	1.000000	1.000000	1.000000	1.000000	1.000000	1.000000	1.000000	1.000000	1.000000	1.000000	1.000000	1.000000	0.000000	1.000000	1.000000	1.000000	1.000000	1.000000	1.000000	1.000000	1.000000	1.000000	1.000000	1.000000	1.000000	1.000000	1.000000	1.000000	0.000000	0.000000	0.000000	1.000000	0.000000	0.000000	1.000000	1.000000	1.000000	0.000000	1.000000	1.000000	0.000000	1.000000	0.000000	1.000000	1.000000	1.000000	1.000000	1.000000	1.000000	1.000000	1.000000	1.000000	1.000000	1.000000	1.000000	1.000000	1.000000	1.000000	1.000000	0.000000	1.000000	1.000000	1.000000	0.000000	1.000000	1.000000	0.000000	1.000000	1.000000	1.000000	1.000000	1.000000	1.000000	1.000000	0.000000	1.000000	1.000000	0.000000	1.000000	1.000000	1.000000	1.000000	0.000000	1.000000	1.000000	1.000000	1.000000	0.000000	1.000000	1.000000	1.000000	0.000000	1.000000	1.000000
ep16549_s0	1.000000	1.000000	1.000000	1.000000	1.000000	1.000000	1.000000	1.000000	1.000000	1.000000	1.000000	1.000000	1.000000	1.000000	1.000000	1.000000	1.000000	1.000000	0.000000	1.000000	1.000000	1.000000	1.000000	1.000000	1.000000	1.000000	1.000000	1.000000	1.000000	1.000000	1.000000	1.000000	1.000000	1.000000	0.000000	0.000000	0.000000	1.000000	0.000000	0.000000	1.000000	1.000000	1.000000	0.000000	1.000000	1.000000	0.000000	1.000000	0.000000	1.000000	1.000000	1.000000	1.000000	1.000000	1.000000	1.000000	1.000000	1.000000	1.000000	1.000000	1.000000	1.000000	1.000000	1.000000	1.000000	0.000000	1.000000	1.000000	1.000000	0.000000	1.000000	1.000000	0.000000	1.000000	1.000000	1.000000	1.000000	1.000000	1.000000	1.000000	0.000000	1.000000	1.000000	0.000000	1.000000	1.000000	1.000000	1.000000	0.000000	1.000000	1.000000	1.000000	1.000000	0.000000	1.000000	1.000000	1.000000	0.000000	1.000000	1.000000
ep12759_s0	1.000000	1.000000	1.000000	1.000000	1.000000	1.000000	1.000000	1.000000	1.000000	1.000000	1.000000	1.000000	1.000000	1.000000	1.000000	1.000000	1.000000	1.000000	0.000000	1.000000	1.000000	1.000000	1.000000	1.000000	1.000000	1.000000	1.000000	1.000000	1.000000	1.000000	1.000000	1.000000	1.000000	1.000000	0.000000	0.000000	0.000000	1.000000	0.000000	0.000000	1.000000	1.000000	1.000000	0.000000	1.000000	1.000000	0.000000	1.000000	0.000000	1.000000	1.000000	1.000000	1.000000	1.000000	1.000000	1.000000	1.000000	1.000000	1.000000	1.000000	1.000000	1.000000	1.000000	1.000000	1.000000	0.000000	1.000000	1.000000	1.000000	0.000000	1.000000	1.000000	0.000000	1.000000	1.000000	1.000000	1.000000	1.000000	1.000000	1.000000	0.000000	1.000000	1.000000	0.000000	1.000000	1.000000	1.000000	1.000000	0.000000	1.000000	1.000000	1.000000	1.000000	0.000000	1.000000	1.000000	1.000000	0.000000	1.000000	1.000000
ep10182_s0	1.000000	1.000000	1.000000	1.000000	1.000000	1.000000	1.000000	1.000000	1.000000	1.000000	1.000000	1.000000	1.000000	1.000000	1.000000	1.000000	1.000000	1.000000	0.000000	1.000000	1.000000	1.000000	1.000000	1.000000	1.000000	1.000000	1.000000	1.000000	1.000000	1.000000	1.000000	1.000000	1.000000	1.000000	0.000000	0.000000	0.000000	1.000000	0.000000	0.000000	1.000000	1.000000	1.000000	0.000000	1.000000	1.000000	0.000000	1.000000	0.000000	1.000000	1.000000	1.000000	1.000000	1.000000	1.000000	1.000000	1.000000	1.000000	1.000000	1.000000	1.000000	1.000000	1.000000	1.000000	1.000000	0.000000	1.000000	1.000000	1.000000	0.000000	1.000000	1.000000	0.000000	1.000000	1.000000	1.000000	1.000000	1.000000	1.000000	1.000000	0.000000	1.000000	1.000000	0.000000	1.000000	1.000000	1.000000	1.000000	0.000000	1.000000	1.000000	1.000000	1.000000	0.000000	1.000000	1.000000	1.000000	0.000000	1.000000	1.000000
ep13909_s0	1.000000	1.000000	1.000000	1.000000	1.000000	1.000000	1.000000	1.000000	1.000000	1.000000	1.000000	1.000000	1.000000	1.000000	1.000000	1.000000	1.000000	1.000000	0.000000	1.000000	1.000000	1.000000	1.000000	1.000000	1.000000	1.000000	1.000000	1.000000	1.000000	1.000000	1.000000	1.000000	1.000000	1.000000	0.000000	0.000000	0.000000	1.000000	0.000000	0.000000	1.000000	1.000000	1.000000	0.000000	1.000000	1.000000	0.000000	1.000000	0.000000	1.000000	1.000000	1.000000	1.000000	1.000000	1.000000	1.000000	1.000000	1.000000	1.000000	1.000000	1.000000	1.000000	1.000000	1.000000	1.000000	0.000000	1.000000	1.000000	1.000000	0.000000	1.000000	1.000000	0.000000	1.000000	1.000000	1.000000	1.000000	1.000000	1.000000	1.000000	0.000000	1.000000	1.000000	0.000000	1.000000	1.000000	1.000000	1.000000	0.000000	1.000000	1.000000	1.000000	1.000000	0.000000	1.000000	1.000000	1.000000	0.000000	1.000000	1.000000
ep10882_s0	0.000000	0.000000	0.000000	0.000000	0.000000	0.000000	0.000000	0.000000	0.000000	0.000000	0.000000	0.000000	0.000000	0.000000	0.000000	0.000000	0.000000	0.000000	1.000000	0.000000	0.000000	0.000000	0.000000	0.000000	0.000000	0.000000	0.000000	0.000000	0.000000	0.000000	0.000000	0.000000	0.000000	0.000000	1.000000	1.000000	1.000000	0.000000	1.000000	1.000000	0.000000	0.000000	0.000000	1.000000	0.000000	0.000000	1.000000	0.000000	1.000000	0.000000	0.000000	0.000000	0.000000	0.000000	0.000000	0.000000	0.000000	0.000000	0.000000	0.000000	0.000000	0.000000	0.000000	0.000000	0.000000	1.000000	0.000000	0.000000	0.000000	1.000000	0.000000	0.000000	1.000000	0.000000	0.000000	0.000000	0.000000	0.000000	0.000000	0.000000	1.000000	0.000000	0.000000	1.000000	0.000000	0.000000	0.000000	0.000000	1.000000	0.000000	0.000000	0.000000	0.000000	1.000000	0.000000	0.000000	0.000000	1.000000	0.000000	0.000000
ep19802_s0	1.000000	1.000000	1.000000	1.000000	1.000000	1.000000	1.000000	1.000000	1.000000	1.000000	1.000000	1.000000	1.000000	1.000000	1.000000	1.000000	1.000000	1.000000	0.000000	1.000000	1.000000	1.000000	1.000000	1.000000	1.000000	1.000000	1.000000	1.000000	1.000000	1.000000	1.000000	1.000000	1.000000	1.000000	0.000000	0.000000	0.000000	1.000000	0.000000	0.000000	1.000000	1.000000	1.000000	0.000000	1.000000	1.000000	0.000000	1.000000	0.000000	1.000000	1.000000	1.000000	1.000000	1.000000	1.000000	1.000000	1.000000	1.000000	1.000000	1.000000	1.000000	1.000000	1.000000	1.000000	1.000000	0.000000	1.000000	1.000000	1.000000	0.000000	1.000000	1.000000	0.000000	1.000000	1.000000	1.000000	1.000000	1.000000	1.000000	1.000000	0.000000	1.000000	1.000000	0.000000	1.000000	1.000000	1.000000	1.000000	0.000000	1.000000	1.000000	1.000000	1.000000	0.000000	1.000000	1.000000	1.000000	0.000000	1.000000	1.000000
ep11589_s0	1.000000	1.000000	1.000000	1.000000	1.000000	1.000000	1.000000	1.000000	1.000000	1.000000	1.000000	1.000000	1.000000	1.000000	1.000000	1.000000	1.000000	1.000000	0.000000	1.000000	1.000000	1.000000	1.000000	1.000000	1.000000	1.000000	1.000000	1.000000	1.000000	1.000000	1.000000	1.000000	1.000000	1.000000	0.000000	0.000000	0.000000	1.000000	0.000000	0.000000	1.000000	1.000000	1.000000	0.000000	1.000000	1.000000	0.000000	1.000000	0.000000	1.000000	1.000000	1.000000	1.000000	1.000000	1.000000	1.000000	1.000000	1.000000	1.000000	1.000000	1.000000	1.000000	1.000000	1.000000	1.000000	0.000000	1.000000	1.000000	1.000000	0.000000	1.000000	1.000000	0.000000	1.000000	1.000000	1.000000	1.000000	1.000000	1.000000	1.000000	0.000000	1.000000	1.000000	0.000000	1.000000	1.000000	1.000000	1.000000	0.000000	1.000000	1.000000	1.000000	1.000000	0.000000	1.000000	1.000000	1.000000	0.000000	1.000000	1.000000
ep18265_s0	1.000000	1.000000	1.000000	1.000000	1.000000	1.000000	1.000000	1.000000	1.000000	1.000000	1.000000	1.000000	1.000000	1.000000	1.000000	1.000000	1.000000	1.000000	0.000000	1.000000	1.000000	1.000000	1.000000	1.000000	1.000000	1.000000	1.000000	1.000000	1.000000	1.000000	1.000000	1.000000	1.000000	1.000000	0.000000	0.000000	0.000000	1.000000	0.000000	0.000000	1.000000	1.000000	1.000000	0.000000	1.000000	1.000000	0.000000	1.000000	0.000000	1.000000	1.000000	1.000000	1.000000	1.000000	1.000000	1.000000	1.000000	1.000000	1.000000	1.000000	1.000000	1.000000	1.000000	1.000000	1.000000	0.000000	1.000000	1.000000	1.000000	0.000000	1.000000	1.000000	0.000000	1.000000	1.000000	1.000000	1.000000	1.000000	1.000000	1.000000	0.000000	1.000000	1.000000	0.000000	1.000000	1.000000	1.000000	1.000000	0.000000	1.000000	1.000000	1.000000	1.000000	0.000000	1.000000	1.000000	1.000000	0.000000	1.000000	1.000000
ep9823_s0	1.000000	1.000000	1.000000	1.000000	1.000000	1.000000	1.000000	1.000000	1.000000	1.000000	1.000000	1.000000	1.000000	1.000000	1.000000	1.000000	1.000000	1.000000	0.000000	1.000000	1.000000	1.000000	1.000000	1.000000	1.000000	1.000000	1.000000	1.000000	1.000000	1.000000	1.000000	1.000000	1.000000	1.000000	0.000000	0.000000	0.000000	1.000000	0.000000	0.000000	1.000000	1.000000	1.000000	0.000000	1.000000	1.000000	0.000000	1.000000	0.000000	1.000000	1.000000	1.000000	1.000000	1.000000	1.000000	1.000000	1.000000	1.000000	1.000000	1.000000	1.000000	1.000000	1.000000	1.000000	1.000000	0.000000	1.000000	1.000000	1.000000	0.000000	1.000000	1.000000	0.000000	1.000000	1.000000	1.000000	1.000000	1.000000	1.000000	1.000000	0.000000	1.000000	1.000000	0.000000	1.000000	1.000000	1.000000	1.000000	0.000000	1.000000	1.000000	1.000000	1.000000	0.000000	1.000000	1.000000	1.000000	0.000000	1.000000	1.000000
ep18124_s0	1.000000	1.000000	1.000000	1.000000	1.000000	1.000000	1.000000	1.000000	1.000000	1.000000	1.000000	1.000000	1.000000	1.000000	1.000000	1.000000	1.000000	1.000000	0.000000	1.000000	1.000000	1.000000	1.000000	1.000000	1.000000	1.000000	1.000000	1.000000	1.000000	1.000000	1.000000	1.000000	1.000000	1.000000	0.000000	0.000000	0.000000	1.000000	0.000000	0.000000	1.000000	1.000000	1.000000	0.000000	1.000000	1.000000	0.000000	1.000000	0.000000	1.000000	1.000000	1.000000	1.000000	1.000000	1.000000	1.000000	1.000000	1.000000	1.000000	1.000000	1.000000	1.000000	1.000000	1.000000	1.000000	0.000000	1.000000	1.000000	1.000000	0.000000	1.000000	1.000000	0.000000	1.000000	1.000000	1.000000	1.000000	1.000000	1.000000	1.000000	0.000000	1.000000	1.000000	0.000000	1.000000	1.000000	1.000000	1.000000	0.000000	1.000000	1.000000	1.000000	1.000000	0.000000	1.000000	1.000000	1.000000	0.000000	1.000000	1.000000
ep15363_s0	1.000000	1.000000	1.000000	1.000000	1.000000	1.000000	1.000000	1.000000	1.000000	1.000000	1.000000	1.000000	1.000000	1.000000	1.000000	1.000000	1.000000	1.000000	0.000000	1.000000	1.000000	1.000000	1.000000	1.000000	1.000000	1.000000	1.000000	1.000000	1.000000	1.000000	1.000000	1.000000	1.000000	1.000000	0.000000	0.000000	0.000000	1.000000	0.000000	0.000000	1.000000	1.000000	1.000000	0.000000	1.000000	1.000000	0.000000	1.000000	0.000000	1.000000	1.000000	1.000000	1.000000	1.000000	1.000000	1.000000	1.000000	1.000000	1.000000	1.000000	1.000000	1.000000	1.000000	1.000000	1.000000	0.000000	1.000000	1.000000	1.000000	0.000000	1.000000	1.000000	0.000000	1.000000	1.000000	1.000000	1.000000	1.000000	1.000000	1.000000	0.000000	1.000000	1.000000	0.000000	1.000000	1.000000	1.000000	1.000000	0.000000	1.000000	1.000000	1.000000	1.000000	0.000000	1.000000	1.000000	1.000000	0.000000	1.000000	1.000000
ep17524_s0	1.000000	1.000000	1.000000	1.000000	1.000000	1.000000	1.000000	1.000000	1.000000	1.000000	1.000000	1.000000	1.000000	1.000000	1.000000	1.000000	1.000000	1.000000	0.000000	1.000000	1.000000	1.000000	1.000000	1.000000	1.000000	1.000000	1.000000	1.000000	1.000000	1.000000	1.000000	1.000000	1.000000	1.000000	0.000000	0.000000	0.000000	1.000000	0.000000	0.000000	1.000000	1.000000	1.000000	0.000000	1.000000	1.000000	0.000000	1.000000	0.000000	1.000000	1.000000	1.000000	1.000000	1.000000	1.000000	1.000000	1.000000	1.000000	1.000000	1.000000	1.000000	1.000000	1.000000	1.000000	1.000000	0.000000	1.000000	1.000000	1.000000	0.000000	1.000000	1.000000	0.000000	1.000000	1.000000	1.000000	1.000000	1.000000	1.000000	1.000000	0.000000	1.000000	1.000000	0.000000	1.000000	1.000000	1.000000	1.000000	0.000000	1.000000	1.000000	1.000000	1.000000	0.000000	1.000000	1.000000	1.000000	0.000000	1.000000	1.000000
ep12216_s0	1.000000	1.000000	1.000000	1.000000	1.000000	1.000000	1.000000	1.000000	1.000000	1.000000	1.000000	1.000000	1.000000	1.000000	1.000000	1.000000	1.000000	1.000000	0.000000	1.000000	1.000000	1.000000	1.000000	1.000000	1.000000	1.000000	1.000000	1.000000	1.000000	1.000000	1.000000	1.000000	1.000000	1.000000	0.000000	0.000000	0.000000	1.000000	0.000000	0.000000	1.000000	1.000000	1.000000	0.000000	1.000000	1.000000	0.000000	1.000000	0.000000	1.000000	1.000000	1.000000	1.000000	1.000000	1.000000	1.000000	1.000000	1.000000	1.000000	1.000000	1.000000	1.000000	1.000000	1.000000	1.000000	0.000000	1.000000	1.000000	1.000000	0.000000	1.000000	1.000000	0.000000	1.000000	1.000000	1.000000	1.000000	1.000000	1.000000	1.000000	0.000000	1.000000	1.000000	0.000000	1.000000	1.000000	1.000000	1.000000	0.000000	1.000000	1.000000	1.000000	1.000000	0.000000	1.000000	1.000000	1.000000	0.000000	1.000000	1.000000
ep17357_s0	1.000000	1.000000	1.000000	1.000000	1.000000	1.000000	1.000000	1.000000	1.000000	1.000000	1.000000	1.000000	1.000000	1.000000	1.000000	1.000000	1.000000	1.000000	0.000000	1.000000	1.000000	1.000000	1.000000	1.000000	1.000000	1.000000	1.000000	1.000000	1.000000	1.000000	1.000000	1.000000	1.000000	1.000000	0.000000	0.000000	0.000000	1.000000	0.000000	0.000000	1.000000	1.000000	1.000000	0.000000	1.000000	1.000000	0.000000	1.000000	0.000000	1.000000	1.000000	1.000000	1.000000	1.000000	1.000000	1.000000	1.000000	1.000000	1.000000	1.000000	1.000000	1.000000	1.000000	1.000000	1.000000	0.000000	1.000000	1.000000	1.000000	0.000000	1.000000	1.000000	0.000000	1.000000	1.000000	1.000000	1.000000	1.000000	1.000000	1.000000	0.000000	1.000000	1.000000	0.000000	1.000000	1.000000	1.000000	1.000000	0.000000	1.000000	1.000000	1.000000	1.000000	0.000000	1.000000	1.000000	1.000000	0.000000	1.000000	1.000000
ep7374_s0	1.000000	1.000000	1.000000	1.000000	1.000000	1.000000	1.000000	1.000000	1.000000	1.000000	1.000000	1.000000	1.000000	1.000000	1.000000	1.000000	1.000000	1.000000	0.000000	1.000000	1.000000	1.000000	1.000000	1.000000	1.000000	1.000000	1.000000	1.000000	1.000000	1.000000	1.000000	1.000000	1.000000	1.000000	0.000000	0.000000	0.000000	1.000000	0.000000	0.000000	1.000000	1.000000	1.000000	0.000000	1.000000	1.000000	0.000000	1.000000	0.000000	1.000000	1.000000	1.000000	1.000000	1.000000	1.000000	1.000000	1.000000	1.000000	1.000000	1.000000	1.000000	1.000000	1.000000	1.000000	1.000000	0.000000	1.000000	1.000000	1.000000	0.000000	1.000000	1.000000	0.000000	1.000000	1.000000	1.000000	1.000000	1.000000	1.000000	1.000000	0.000000	1.000000	1.000000	0.000000	1.000000	1.000000	1.000000	1.000000	0.000000	1.000000	1.000000	1.000000	1.000000	0.000000	1.000000	1.000000	1.000000	0.000000	1.000000	1.000000
ep7751_s0	1.000000	1.000000	1.000000	1.000000	1.000000	1.000000	1.000000	1.000000	1.000000	1.000000	1.000000	1.000000	1.000000	1.000000	1.000000	1.000000	1.000000	1.000000	0.000000	1.000000	1.000000	1.000000	1.000000	1.000000	1.000000	1.000000	1.000000	1.000000	1.000000	1.000000	1.000000	1.000000	1.000000	1.000000	0.000000	0.000000	0.000000	1.000000	0.000000	0.000000	1.000000	1.000000	1.000000	0.000000	1.000000	1.000000	0.000000	1.000000	0.000000	1.000000	1.000000	1.000000	1.000000	1.000000	1.000000	1.000000	1.000000	1.000000	1.000000	1.000000	1.000000	1.000000	1.000000	1.000000	1.000000	0.000000	1.000000	1.000000	1.000000	0.000000	1.000000	1.000000	0.000000	1.000000	1.000000	1.000000	1.000000	1.000000	1.000000	1.000000	0.000000	1.000000	1.000000	0.000000	1.000000	1.000000	1.000000	1.000000	0.000000	1.000000	1.000000	1.000000	1.000000	0.000000	1.000000	1.000000	1.000000	0.000000	1.000000	1.000000
ep19516_s0	1.000000	1.000000	1.000000	1.000000	1.000000	1.000000	1.000000	1.000000	1.000000	1.000000	1.000000	1.000000	1.000000	1.000000	1.000000	1.000000	1.000000	1.000000	0.000000	1.000000	1.000000	1.000000	1.000000	1.000000	1.000000	1.000000	1.000000	1.000000	1.000000	1.000000	1.000000	1.000000	1.000000	1.000000	0.000000	0.000000	0.000000	1.000000	0.000000	0.000000	1.000000	1.000000	1.000000	0.000000	1.000000	1.000000	0.000000	1.000000	0.000000	1.000000	1.000000	1.000000	1.000000	1.000000	1.000000	1.000000	1.000000	1.000000	1.000000	1.000000	1.000000	1.000000	1.000000	1.000000	1.000000	0.000000	1.000000	1.000000	1.000000	0.000000	1.000000	1.000000	0.000000	1.000000	1.000000	1.000000	1.000000	1.000000	1.000000	1.000000	0.000000	1.000000	1.000000	0.000000	1.000000	1.000000	1.000000	1.000000	0.000000	1.000000	1.000000	1.000000	1.000000	0.000000	1.000000	1.000000	1.000000	0.000000	1.000000	1.000000
ep8596_s0	1.000000	1.000000	1.000000	1.000000	1.000000	1.000000	1.000000	1.000000	1.000000	1.000000	1.000000	1.000000	1.000000	1.000000	1.000000	1.000000	1.000000	1.000000	0.000000	1.000000	1.000000	1.000000	1.000000	1.000000	1.000000	1.000000	1.000000	1.000000	1.000000	1.000000	1.000000	1.000000	1.000000	1.000000	0.000000	0.000000	0.000000	1.000000	0.000000	0.000000	1.000000	1.000000	1.000000	0.000000	1.000000	1.000000	0.000000	1.000000	0.000000	1.000000	1.000000	1.000000	1.000000	1.000000	1.000000	1.000000	1.000000	1.000000	1.000000	1.000000	1.000000	1.000000	1.000000	1.000000	1.000000	0.000000	1.000000	1.000000	1.000000	0.000000	1.000000	1.000000	0.000000	1.000000	1.000000	1.000000	1.000000	1.000000	1.000000	1.000000	0.000000	1.000000	1.000000	0.000000	1.000000	1.000000	1.000000	1.000000	0.000000	1.000000	1.000000	1.000000	1.000000	0.000000	1.000000	1.000000	1.000000	0.000000	1.000000	1.000000
ep16735_s0	1.000000	1.000000	1.000000	1.000000	1.000000	1.000000	1.000000	1.000000	1.000000	1.000000	1.000000	1.000000	1.000000	1.000000	1.000000	1.000000	1.000000	1.000000	0.000000	1.000000	1.000000	1.000000	1.000000	1.000000	1.000000	1.000000	1.000000	1.000000	1.000000	1.000000	1.000000	1.000000	1.000000	1.000000	0.000000	0.000000	0.000000	1.000000	0.000000	0.000000	1.000000	1.000000	1.000000	0.000000	1.000000	1.000000	0.000000	1.000000	0.000000	1.000000	1.000000	1.000000	1.000000	1.000000	1.000000	1.000000	1.000000	1.000000	1.000000	1.000000	1.000000	1.000000	1.000000	1.000000	1.000000	0.000000	1.000000	1.000000	1.000000	0.000000	1.000000	1.000000	0.000000	1.000000	1.000000	1.000000	1.000000	1.000000	1.000000	1.000000	0.000000	1.000000	1.000000	0.000000	1.000000	1.000000	1.000000	1.000000	0.000000	1.000000	1.000000	1.000000	1.000000	0.000000	1.000000	1.000000	1.000000	0.000000	1.000000	1.000000
ep18010_s0	1.000000	1.000000	1.000000	1.000000	1.000000	1.000000	1.000000	1.000000	1.000000	1.000000	1.000000	1.000000	1.000000	1.000000	1.000000	1.000000	1.000000	1.000000	0.000000	1.000000	1.000000	1.000000	1.000000	1.000000	1.000000	1.000000	1.000000	1.000000	1.000000	1.000000	1.000000	1.000000	1.000000	1.000000	0.000000	0.000000	0.000000	1.000000	0.000000	0.000000	1.000000	1.000000	1.000000	0.000000	1.000000	1.000000	0.000000	1.000000	0.000000	1.000000	1.000000	1.000000	1.000000	1.000000	1.000000	1.000000	1.000000	1.000000	1.000000	1.000000	1.000000	1.000000	1.000000	1.000000	1.000000	0.000000	1.000000	1.000000	1.000000	0.000000	1.000000	1.000000	0.000000	1.000000	1.000000	1.000000	1.000000	1.000000	1.000000	1.000000	0.000000	1.000000	1.000000	0.000000	1.000000	1.000000	1.000000	1.000000	0.000000	1.000000	1.000000	1.000000	1.000000	0.000000	1.000000	1.000000	1.000000	0.000000	1.000000	1.000000
ep14570_s0	0.000000	0.000000	0.000000	0.000000	0.000000	0.000000	0.000000	0.000000	0.000000	0.000000	0.000000	0.000000	0.000000	0.000000	0.000000	0.000000	0.000000	0.000000	1.000000	0.000000	0.000000	0.000000	0.000000	0.000000	0.000000	0.000000	0.000000	0.000000	0.000000	0.000000	0.000000	0.000000	0.000000	0.000000	1.000000	1.000000	1.000000	0.000000	1.000000	1.000000	0.000000	0.000000	0.000000	1.000000	0.000000	0.000000	1.000000	0.000000	1.000000	0.000000	0.000000	0.000000	0.000000	0.000000	0.000000	0.000000	0.000000	0.000000	0.000000	0.000000	0.000000	0.000000	0.000000	0.000000	0.000000	1.000000	0.000000	0.000000	0.000000	1.000000	0.000000	0.000000	1.000000	0.000000	0.000000	0.000000	0.000000	0.000000	0.000000	0.000000	1.000000	0.000000	0.000000	1.000000	0.000000	0.000000	0.000000	0.000000	1.000000	0.000000	0.000000	0.000000	0.000000	1.000000	0.000000	0.000000	0.000000	1.000000	0.000000	0.000000
ep10157_s0	0.000000	0.000000	0.000000	0.000000	0.000000	0.000000	0.000000	0.000000	0.000000	0.000000	0.000000	0.000000	0.000000	0.000000	0.000000	0.000000	0.000000	0.000000	1.000000	0.000000	0.000000	0.000000	0.000000	0.000000	0.000000	0.000000	0.000000	0.000000	0.000000	0.000000	0.000000	0.000000	0.000000	0.000000	1.000000	1.000000	1.000000	0.000000	1.000000	1.000000	0.000000	0.000000	0.000000	1.000000	0.000000	0.000000	1.000000	0.000000	1.000000	0.000000	0.000000	0.000000	0.000000	0.000000	0.000000	0.000000	0.000000	0.000000	0.000000	0.000000	0.000000	0.000000	0.000000	0.000000	0.000000	1.000000	0.000000	0.000000	0.000000	1.000000	0.000000	0.000000	1.000000	0.000000	0.000000	0.000000	0.000000	0.000000	0.000000	0.000000	1.000000	0.000000	0.000000	1.000000	0.000000	0.000000	0.000000	0.000000	1.000000	0.000000	0.000000	0.000000	0.000000	1.000000	0.000000	0.000000	0.000000	1.000000	0.000000	0.000000
ep7028_s0	0.000000	0.000000	0.000000	0.000000	0.000000	0.000000	0.000000	0.000000	0.000000	0.000000	0.000000	0.000000	0.000000	0.000000	0.000000	0.000000	0.000000	0.000000	1.000000	0.000000	0.000000	0.000000	0.000000	0.000000	0.000000	0.000000	0.000000	0.000000	0.000000	0.000000	0.000000	0.000000	0.000000	0.000000	1.000000	1.000000	1.000000	0.000000	1.000000	1.000000	0.000000	0.000000	0.000000	1.000000	0.000000	0.000000	1.000000	0.000000	1.000000	0.000000	0.000000	0.000000	0.000000	0.000000	0.000000	0.000000	0.000000	0.000000	0.000000	0.000000	0.000000	0.000000	0.000000	0.000000	0.000000	1.000000	0.000000	0.000000	0.000000	1.000000	0.000000	0.000000	1.000000	0.000000	0.000000	0.000000	0.000000	0.000000	0.000000	0.000000	1.000000	0.000000	0.000000	1.000000	0.000000	0.000000	0.000000	0.000000	1.000000	0.000000	0.000000	0.000000	0.000000	1.000000	0.000000	0.000000	0.000000	1.000000	0.000000	0.000000
ep9339_s0	1.000000	1.000000	1.000000	1.000000	1.000000	1.000000	1.000000	1.000000	1.000000	1.000000	1.000000	1.000000	1.000000	1.000000	1.000000	1.000000	1.000000	1.000000	0.000000	1.000000	1.000000	1.000000	1.000000	1.000000	1.000000	1.000000	1.000000	1.000000	1.000000	1.000000	1.000000	1.000000	1.000000	1.000000	0.000000	0.000000	0.000000	1.000000	0.000000	0.000000	1.000000	1.000000	1.000000	0.000000	1.000000	1.000000	0.000000	1.000000	0.000000	1.000000	1.000000	1.000000	1.000000	1.000000	1.000000	1.000000	1.000000	1.000000	1.000000	1.000000	1.000000	1.000000	1.000000	1.000000	1.000000	0.000000	1.000000	1.000000	1.000000	0.000000	1.000000	1.000000	0.000000	1.000000	1.000000	1.000000	1.000000	1.000000	1.000000	1.000000	0.000000	1.000000	1.000000	0.000000	1.000000	1.000000	1.000000	1.000000	0.000000	1.000000	1.000000	1.000000	1.000000	0.000000	1.000000	1.000000	1.000000	0.000000	1.000000	1.000000
ep16051_s0	0.000000	0.000000	0.000000	0.000000	0.000000	0.000000	0.000000	0.000000	0.000000	0.000000	0.000000	0.000000	0.000000	0.000000	0.000000	0.000000	0.000000	0.000000	1.000000	0.000000	0.000000	0.000000	0.000000	0.000000	0.000000	0.000000	0.000000	0.000000	0.000000	0.000000	0.000000	0.000000	0.000000	0.000000	1.000000	1.000000	1.000000	0.000000	1.000000	1.000000	0.000000	0.000000	0.000000	1.000000	0.000000	0.000000	1.000000	0.000000	1.000000	0.000000	0.000000	0.000000	0.000000	0.000000	0.000000	0.000000	0.000000	0.000000	0.000000	0.000000	0.000000	0.000000	0.000000	0.000000	0.000000	1.000000	0.000000	0.000000	0.000000	1.000000	0.000000	0.000000	1.000000	0.000000	0.000000	0.000000	0.000000	0.000000	0.000000	0.000000	1.000000	0.000000	0.000000	1.000000	0.000000	0.000000	0.000000	0.000000	1.000000	0.000000	0.000000	0.000000	0.000000	1.000000	0.000000	0.000000	0.000000	1.000000	0.000000	0.000000
ep15100_s0	0.000000	0.000000	0.000000	0.000000	0.000000	0.000000	0.000000	0.000000	0.000000	0.000000	0.000000	0.000000	0.000000	0.000000	0.000000	0.000000	0.000000	0.000000	1.000000	0.000000	0.000000	0.000000	0.000000	0.000000	0.000000	0.000000	0.000000	0.000000	0.000000	0.000000	0.000000	0.000000	0.000000	0.000000	1.000000	1.000000	1.000000	0.000000	1.000000	1.000000	0.000000	0.000000	0.000000	1.000000	0.000000	0.000000	1.000000	0.000000	1.000000	0.000000	0.000000	0.000000	0.000000	0.000000	0.000000	0.000000	0.000000	0.000000	0.000000	0.000000	0.000000	0.000000	0.000000	0.000000	0.000000	1.000000	0.000000	0.000000	0.000000	1.000000	0.000000	0.000000	1.000000	0.000000	0.000000	0.000000	0.000000	0.000000	0.000000	0.000000	1.000000	0.000000	0.000000	1.000000	0.000000	0.000000	0.000000	0.000000	1.000000	0.000000	0.000000	0.000000	0.000000	1.000000	0.000000	0.000000	0.000000	1.000000	0.000000	0.000000
ep19498_s0	1.000000	1.000000	1.000000	1.000000	1.000000	1.000000	1.000000	1.000000	1.000000	1.000000	1.000000	1.000000	1.000000	1.000000	1.000000	1.000000	1.000000	1.000000	0.000000	1.000000	1.000000	1.000000	1.000000	1.000000	1.000000	1.000000	1.000000	1.000000	1.000000	1.000000	1.000000	1.000000	1.000000	1.000000	0.000000	0.000000	0.000000	1.000000	0.000000	0.000000	1.000000	1.000000	1.000000	0.000000	1.000000	1.000000	0.000000	1.000000	0.000000	1.000000	1.000000	1.000000	1.000000	1.000000	1.000000	1.000000	1.000000	1.000000	1.000000	1.000000	1.000000	1.000000	1.000000	1.000000	1.000000	0.000000	1.000000	1.000000	1.000000	0.000000	1.000000	1.000000	0.000000	1.000000	1.000000	1.000000	1.000000	1.000000	1.000000	1.000000	0.000000	1.000000	1.000000	0.000000	1.000000	1.000000	1.000000	1.000000	0.000000	1.000000	1.000000	1.000000	1.000000	0.000000	1.000000	1.000000	1.000000	0.000000	1.000000	1.000000
ep15635_s0	1.000000	1.000000	1.000000	1.000000	1.000000	1.000000	1.000000	1.000000	1.000000	1.000000	1.000000	1.000000	1.000000	1.000000	1.000000	1.000000	1.000000	1.000000	0.000000	1.000000	1.000000	1.000000	1.000000	1.000000	1.000000	1.000000	1.000000	1.000000	1.000000	1.000000	1.000000	1.000000	1.000000	1.000000	0.000000	0.000000	0.000000	1.000000	0.000000	0.000000	1.000000	1.000000	1.000000	0.000000	1.000000	1.000000	0.000000	1.000000	0.000000	1.000000	1.000000	1.000000	1.000000	1.000000	1.000000	1.000000	1.000000	1.000000	1.000000	1.000000	1.000000	1.000000	1.000000	1.000000	1.000000	0.000000	1.000000	1.000000	1.000000	0.000000	1.000000	1.000000	0.000000	1.000000	1.000000	1.000000	1.000000	1.000000	1.000000	1.000000	0.000000	1.000000	1.000000	0.000000	1.000000	1.000000	1.000000	1.000000	0.000000	1.000000	1.000000	1.000000	1.000000	0.000000	1.000000	1.000000	1.000000	0.000000	1.000000	1.000000
ep9375_s0	1.000000	1.000000	1.000000	1.000000	1.000000	1.000000	1.000000	1.000000	1.000000	1.000000	1.000000	1.000000	1.000000	1.000000	1.000000	1.000000	1.000000	1.000000	0.000000	1.000000	1.000000	1.000000	1.000000	1.000000	1.000000	1.000000	1.000000	1.000000	1.000000	1.000000	1.000000	1.000000	1.000000	1.000000	0.000000	0.000000	0.000000	1.000000	0.000000	0.000000	1.000000	1.000000	1.000000	0.000000	1.000000	1.000000	0.000000	1.000000	0.000000	1.000000	1.000000	1.000000	1.000000	1.000000	1.000000	1.000000	1.000000	1.000000	1.000000	1.000000	1.000000	1.000000	1.000000	1.000000	1.000000	0.000000	1.000000	1.000000	1.000000	0.000000	1.000000	1.000000	0.000000	1.000000	1.000000	1.000000	1.000000	1.000000	1.000000	1.000000	0.000000	1.000000	1.000000	0.000000	1.000000	1.000000	1.000000	1.000000	0.000000	1.000000	1.000000	1.000000	1.000000	0.000000	1.000000	1.000000	1.000000	0.000000	1.000000	1.000000
ep14687_s0	0.000000	0.000000	0.000000	0.000000	0.000000	0.000000	0.000000	0.000000	0.000000	0.000000	0.000000	0.000000	0.000000	0.000000	0.000000	0.000000	0.000000	0.000000	1.000000	0.000000	0.000000	0.000000	0.000000	0.000000	0.000000	0.000000	0.000000	0.000000	0.000000	0.000000	0.000000	0.000000	0.000000	0.000000	1.000000	1.000000	1.000000	0.000000	1.000000	1.000000	0.000000	0.000000	0.000000	1.000000	0.000000	0.000000	1.000000	0.000000	1.000000	0.000000	0.000000	0.000000	0.000000	0.000000	0.000000	0.000000	0.000000	0.000000	0.000000	0.000000	0.000000	0.000000	0.000000	0.000000	0.000000	1.000000	0.000000	0.000000	0.000000	1.000000	0.000000	0.000000	1.000000	0.000000	0.000000	0.000000	0.000000	0.000000	0.000000	0.000000	1.000000	0.000000	0.000000	1.000000	0.000000	0.000000	0.000000	0.000000	1.000000	0.000000	0.000000	0.000000	0.000000	1.000000	0.000000	0.000000	0.000000	1.000000	0.000000	0.000000
ep11662_s0	1.000000	1.000000	1.000000	1.000000	1.000000	1.000000	1.000000	1.000000	1.000000	1.000000	1.000000	1.000000	1.000000	1.000000	1.000000	1.000000	1.000000	1.000000	0.000000	1.000000	1.000000	1.000000	1.000000	1.000000	1.000000	1.000000	1.000000	1.000000	1.000000	1.000000	1.000000	1.000000	1.000000	1.000000	0.000000	0.000000	0.000000	1.000000	0.000000	0.000000	1.000000	1.000000	1.000000	0.000000	1.000000	1.000000	0.000000	1.000000	0.000000	1.000000	1.000000	1.000000	1.000000	1.000000	1.000000	1.000000	1.000000	1.000000	1.000000	1.000000	1.000000	1.000000	1.000000	1.000000	1.000000	0.000000	1.000000	1.000000	1.000000	0.000000	1.000000	1.000000	0.000000	1.000000	1.000000	1.000000	1.000000	1.000000	1.000000	1.000000	0.000000	1.000000	1.000000	0.000000	1.000000	1.000000	1.000000	1.000000	0.000000	1.000000	1.000000	1.000000	1.000000	0.000000	1.000000	1.000000	1.000000	0.000000	1.000000	1.000000
ep238_s0	1.000000	1.000000	1.000000	1.000000	1.000000	1.000000	1.000000	1.000000	1.000000	1.000000	1.000000	1.000000	1.000000	1.000000	1.000000	1.000000	1.000000	1.000000	0.000000	1.000000	1.000000	1.000000	1.000000	1.000000	1.000000	1.000000	1.000000	1.000000	1.000000	1.000000	1.000000	1.000000	1.000000	1.000000	0.000000	0.000000	0.000000	1.000000	0.000000	0.000000	1.000000	1.000000	1.000000	0.000000	1.000000	1.000000	0.000000	1.000000	0.000000	1.000000	1.000000	1.000000	1.000000	1.000000	1.000000	1.000000	1.000000	1.000000	1.000000	1.000000	1.000000	1.000000	1.000000	1.000000	1.000000	0.000000	1.000000	1.000000	1.000000	0.000000	1.000000	1.000000	0.000000	1.000000	1.000000	1.000000	1.000000	1.000000	1.000000	1.000000	0.000000	1.000000	1.000000	0.000000	1.000000	1.000000	1.000000	1.000000	0.000000	1.000000	1.000000	1.000000	1.000000	0.000000	1.000000	1.000000	1.000000	0.000000	1.000000	1.000000
ep7182_s0	0.000000	0.000000	0.000000	0.000000	0.000000	0.000000	0.000000	0.000000	0.000000	0.000000	0.000000	0.000000	0.000000	0.000000	0.000000	0.000000	0.000000	0.000000	1.000000	0.000000	0.000000	0.000000	0.000000	0.000000	0.000000	0.000000	0.000000	0.000000	0.000000	0.000000	0.000000	0.000000	0.000000	0.000000	1.000000	1.000000	1.000000	0.000000	1.000000	1.000000	0.000000	0.000000	0.000000	1.000000	0.000000	0.000000	1.000000	0.000000	1.000000	0.000000	0.000000	0.000000	0.000000	0.000000	0.000000	0.000000	0.000000	0.000000	0.000000	0.000000	0.000000	0.000000	0.000000	0.000000	0.000000	1.000000	0.000000	0.000000	0.000000	1.000000	0.000000	0.000000	1.000000	0.000000	0.000000	0.000000	0.000000	0.000000	0.000000	0.000000	1.000000	0.000000	0.000000	1.000000	0.000000	0.000000	0.000000	0.000000	1.000000	0.000000	0.000000	0.000000	0.000000	1.000000	0.000000	0.000000	0.000000	1.000000	0.000000	0.000000
ep18556_s0	1.000000	1.000000	1.000000	1.000000	1.000000	1.000000	1.000000	1.000000	1.000000	1.000000	1.000000	1.000000	1.000000	1.000000	1.000000	1.000000	1.000000	1.000000	0.000000	1.000000	1.000000	1.000000	1.000000	1.000000	1.000000	1.000000	1.000000	1.000000	1.000000	1.000000	1.000000	1.000000	1.000000	1.000000	0.000000	0.000000	0.000000	1.000000	0.000000	0.000000	1.000000	1.000000	1.000000	0.000000	1.000000	1.000000	0.000000	1.000000	0.000000	1.000000	1.000000	1.000000	1.000000	1.000000	1.000000	1.000000	1.000000	1.000000	1.000000	1.000000	1.000000	1.000000	1.000000	1.000000	1.000000	0.000000	1.000000	1.000000	1.000000	0.000000	1.000000	1.000000	0.000000	1.000000	1.000000	1.000000	1.000000	1.000000	1.000000	1.000000	0.000000	1.000000	1.000000	0.000000	1.000000	1.000000	1.000000	1.000000	0.000000	1.000000	1.000000	1.000000	1.000000	0.000000	1.000000	1.000000	1.000000	0.000000	1.000000	1.000000
ep6318_s0	0.000000	0.000000	0.000000	0.000000	0.000000	0.000000	0.000000	0.000000	0.000000	0.000000	0.000000	0.000000	0.000000	0.000000	0.000000	0.000000	0.000000	0.000000	1.000000	0.000000	0.000000	0.000000	0.000000	0.000000	0.000000	0.000000	0.000000	0.000000	0.000000	0.000000	0.000000	0.000000	0.000000	0.000000	1.000000	1.000000	1.000000	0.000000	1.000000	1.000000	0.000000	0.000000	0.000000	1.000000	0.000000	0.000000	1.000000	0.000000	1.000000	0.000000	0.000000	0.000000	0.000000	0.000000	0.000000	0.000000	0.000000	0.000000	0.000000	0.000000	0.000000	0.000000	0.000000	0.000000	0.000000	1.000000	0.000000	0.000000	0.000000	1.000000	0.000000	0.000000	1.000000	0.000000	0.000000	0.000000	0.000000	0.000000	0.000000	0.000000	1.000000	0.000000	0.000000	1.000000	0.000000	0.000000	0.000000	0.000000	1.000000	0.000000	0.000000	0.000000	0.000000	1.000000	0.000000	0.000000	0.000000	1.000000	0.000000	0.000000
ep10825_s0	1.000000	1.000000	1.000000	1.000000	1.000000	1.000000	1.000000	1.000000	1.000000	1.000000	1.000000	1.000000	1.000000	1.000000	1.000000	1.000000	1.000000	1.000000	0.000000	1.000000	1.000000	1.000000	1.000000	1.000000	1.000000	1.000000	1.000000	1.000000	1.000000	1.000000	1.000000	1.000000	1.000000	1.000000	0.000000	0.000000	0.000000	1.000000	0.000000	0.000000	1.000000	1.000000	1.000000	0.000000	1.000000	1.000000	0.000000	1.000000	0.000000	1.000000	1.000000	1.000000	1.000000	1.000000	1.000000	1.000000	1.000000	1.000000	1.000000	1.000000	1.000000	1.000000	1.000000	1.000000	1.000000	0.000000	1.000000	1.000000	1.000000	0.000000	1.000000	1.000000	0.000000	1.000000	1.000000	1.000000	1.000000	1.000000	1.000000	1.000000	0.000000	1.000000	1.000000	0.000000	1.000000	1.000000	1.000000	1.000000	0.000000	1.000000	1.000000	1.000000	1.000000	0.000000	1.000000	1.000000	1.000000	0.000000	1.000000	1.000000
ep11157_s0	1.000000	1.000000	1.000000	1.000000	1.000000	1.000000	1.000000	1.000000	1.000000	1.000000	1.000000	1.000000	1.000000	1.000000	1.000000	1.000000	1.000000	1.000000	0.000000	1.000000	1.000000	1.000000	1.000000	1.000000	1.000000	1.000000	1.000000	1.000000	1.000000	1.000000	1.000000	1.000000	1.000000	1.000000	0.000000	0.000000	0.000000	1.000000	0.000000	0.000000	1.000000	1.000000	1.000000	0.000000	1.000000	1.000000	0.000000	1.000000	0.000000	1.000000	1.000000	1.000000	1.000000	1.000000	1.000000	1.000000	1.000000	1.000000	1.000000	1.000000	1.000000	1.000000	1.000000	1.000000	1.000000	0.000000	1.000000	1.000000	1.000000	0.000000	1.000000	1.000000	0.000000	1.000000	1.000000	1.000000	1.000000	1.000000	1.000000	1.000000	0.000000	1.000000	1.000000	0.000000	1.000000	1.000000	1.000000	1.000000	0.000000	1.000000	1.000000	1.000000	1.000000	0.000000	1.000000	1.000000	1.000000	0.000000	1.000000	1.000000
ep19832_s0	1.000000	1.000000	1.000000	1.000000	1.000000	1.000000	1.000000	1.000000	1.000000	1.000000	1.000000	1.000000	1.000000	1.000000	1.000000	1.000000	1.000000	1.000000	0.000000	1.000000	1.000000	1.000000	1.000000	1.000000	1.000000	1.000000	1.000000	1.000000	1.000000	1.000000	1.000000	1.000000	1.000000	1.000000	0.000000	0.000000	0.000000	1.000000	0.000000	0.000000	1.000000	1.000000	1.000000	0.000000	1.000000	1.000000	0.000000	1.000000	0.000000	1.000000	1.000000	1.000000	1.000000	1.000000	1.000000	1.000000	1.000000	1.000000	1.000000	1.000000	1.000000	1.000000	1.000000	1.000000	1.000000	0.000000	1.000000	1.000000	1.000000	0.000000	1.000000	1.000000	0.000000	1.000000	1.000000	1.000000	1.000000	1.000000	1.000000	1.000000	0.000000	1.000000	1.000000	0.000000	1.000000	1.000000	1.000000	1.000000	0.000000	1.000000	1.000000	1.000000	1.000000	0.000000	1.000000	1.000000	1.000000	0.000000	1.000000	1.000000
ep17468_s0	1.000000	1.000000	1.000000	1.000000	1.000000	1.000000	1.000000	1.000000	1.000000	1.000000	1.000000	1.000000	1.000000	1.000000	1.000000	1.000000	1.000000	1.000000	0.000000	1.000000	1.000000	1.000000	1.000000	1.000000	1.000000	1.000000	1.000000	1.000000	1.000000	1.000000	1.000000	1.000000	1.000000	1.000000	0.000000	0.000000	0.000000	1.000000	0.000000	0.000000	1.000000	1.000000	1.000000	0.000000	1.000000	1.000000	0.000000	1.000000	0.000000	1.000000	1.000000	1.000000	1.000000	1.000000	1.000000	1.000000	1.000000	1.000000	1.000000	1.000000	1.000000	1.000000	1.000000	1.000000	1.000000	0.000000	1.000000	1.000000	1.000000	0.000000	1.000000	1.000000	0.000000	1.000000	1.000000	1.000000	1.000000	1.000000	1.000000	1.000000	0.000000	1.000000	1.000000	0.000000	1.000000	1.000000	1.000000	1.000000	0.000000	1.000000	1.000000	1.000000	1.000000	0.000000	1.000000	1.000000	1.000000	0.000000	1.000000	1.000000
ep8689_s0	1.000000	1.000000	1.000000	1.000000	1.000000	1.000000	1.000000	1.000000	1.000000	1.000000	1.000000	1.000000	1.000000	1.000000	1.000000	1.000000	1.000000	1.000000	0.000000	1.000000	1.000000	1.000000	1.000000	1.000000	1.000000	1.000000	1.000000	1.000000	1.000000	1.000000	1.000000	1.000000	1.000000	1.000000	0.000000	0.000000	0.000000	1.000000	0.000000	0.000000	1.000000	1.000000	1.000000	0.000000	1.000000	1.000000	0.000000	1.000000	0.000000	1.000000	1.000000	1.000000	1.000000	1.000000	1.000000	1.000000	1.000000	1.000000	1.000000	1.000000	1.000000	1.000000	1.000000	1.000000	1.000000	0.000000	1.000000	1.000000	1.000000	0.000000	1.000000	1.000000	0.000000	1.000000	1.000000	1.000000	1.000000	1.000000	1.000000	1.000000	0.000000	1.000000	1.000000	0.000000	1.000000	1.000000	1.000000	1.000000	0.000000	1.000000	1.000000	1.000000	1.000000	0.000000	1.000000	1.000000	1.000000	0.000000	1.000000	1.000000
ep12140_s0	1.000000	1.000000	1.000000	1.000000	1.000000	1.000000	1.000000	1.000000	1.000000	1.000000	1.000000	1.000000	1.000000	1.000000	1.000000	1.000000	1.000000	1.000000	0.000000	1.000000	1.000000	1.000000	1.000000	1.000000	1.000000	1.000000	1.000000	1.000000	1.000000	1.000000	1.000000	1.000000	1.000000	1.000000	0.000000	0.000000	0.000000	1.000000	0.000000	0.000000	1.000000	1.000000	1.000000	0.000000	1.000000	1.000000	0.000000	1.000000	0.000000	1.000000	1.000000	1.000000	1.000000	1.000000	1.000000	1.000000	1.000000	1.000000	1.000000	1.000000	1.000000	1.000000	1.000000	1.000000	1.000000	0.000000	1.000000	1.000000	1.000000	0.000000	1.000000	1.000000	0.000000	1.000000	1.000000	1.000000	1.000000	1.000000	1.000000	1.000000	0.000000	1.000000	1.000000	0.000000	1.000000	1.000000	1.000000	1.000000	0.000000	1.000000	1.000000	1.000000	1.000000	0.000000	1.000000	1.000000	1.000000	0.000000	1.000000	1.000000
ep14438_s0	1.000000	1.000000	1.000000	1.000000	1.000000	1.000000	1.000000	1.000000	1.000000	1.000000	1.000000	1.000000	1.000000	1.000000	1.000000	1.000000	1.000000	1.000000	0.000000	1.000000	1.000000	1.000000	1.000000	1.000000	1.000000	1.000000	1.000000	1.000000	1.000000	1.000000	1.000000	1.000000	1.000000	1.000000	0.000000	0.000000	0.000000	1.000000	0.000000	0.000000	1.000000	1.000000	1.000000	0.000000	1.000000	1.000000	0.000000	1.000000	0.000000	1.000000	1.000000	1.000000	1.000000	1.000000	1.000000	1.000000	1.000000	1.000000	1.000000	1.000000	1.000000	1.000000	1.000000	1.000000	1.000000	0.000000	1.000000	1.000000	1.000000	0.000000	1.000000	1.000000	0.000000	1.000000	1.000000	1.000000	1.000000	1.000000	1.000000	1.000000	0.000000	1.000000	1.000000	0.000000	1.000000	1.000000	1.000000	1.000000	0.000000	1.000000	1.000000	1.000000	1.000000	0.000000	1.000000	1.000000	1.000000	0.000000	1.000000	1.000000
ep17062_s0	1.000000	1.000000	1.000000	1.000000	1.000000	1.000000	1.000000	1.000000	1.000000	1.000000	1.000000	1.000000	1.000000	1.000000	1.000000	1.000000	1.000000	1.000000	0.000000	1.000000	1.000000	1.000000	1.000000	1.000000	1.000000	1.000000	1.000000	1.000000	1.000000	1.000000	1.000000	1.000000	1.000000	1.000000	0.000000	0.000000	0.000000	1.000000	0.000000	0.000000	1.000000	1.000000	1.000000	0.000000	1.000000	1.000000	0.000000	1.000000	0.000000	1.000000	1.000000	1.000000	1.000000	1.000000	1.000000	1.000000	1.000000	1.000000	1.000000	1.000000	1.000000	1.000000	1.000000	1.000000	1.000000	0.000000	1.000000	1.000000	1.000000	0.000000	1.000000	1.000000	0.000000	1.000000	1.000000	1.000000	1.000000	1.000000	1.000000	1.000000	0.000000	1.000000	1.000000	0.000000	1.000000	1.000000	1.000000	1.000000	0.000000	1.000000	1.000000	1.000000	1.000000	0.000000	1.000000	1.000000	1.000000	0.000000	1.000000	1.000000
ep18630_s0	1.000000	1.000000	1.000000	1.000000	1.000000	1.000000	1.000000	1.000000	1.000000	1.000000	1.000000	1.000000	1.000000	1.000000	1.000000	1.000000	1.000000	1.000000	0.000000	1.000000	1.000000	1.000000	1.000000	1.000000	1.000000	1.000000	1.000000	1.000000	1.000000	1.000000	1.000000	1.000000	1.000000	1.000000	0.000000	0.000000	0.000000	1.000000	0.000000	0.000000	1.000000	1.000000	1.000000	0.000000	1.000000	1.000000	0.000000	1.000000	0.000000	1.000000	1.000000	1.000000	1.000000	1.000000	1.000000	1.000000	1.000000	1.000000	1.000000	1.000000	1.000000	1.000000	1.000000	1.000000	1.000000	0.000000	1.000000	1.000000	1.000000	0.000000	1.000000	1.000000	0.000000	1.000000	1.000000	1.000000	1.000000	1.000000	1.000000	1.000000	0.000000	1.000000	1.000000	0.000000	1.000000	1.000000	1.000000	1.000000	0.000000	1.000000	1.000000	1.000000	1.000000	0.000000	1.000000	1.000000	1.000000	0.000000	1.000000	1.000000
ep17891_s0	1.000000	1.000000	1.000000	1.000000	1.000000	1.000000	1.000000	1.000000	1.000000	1.000000	1.000000	1.000000	1.000000	1.000000	1.000000	1.000000	1.000000	1.000000	0.000000	1.000000	1.000000	1.000000	1.000000	1.000000	1.000000	1.000000	1.000000	1.000000	1.000000	1.000000	1.000000	1.000000	1.000000	1.000000	0.000000	0.000000	0.000000	1.000000	0.000000	0.000000	1.000000	1.000000	1.000000	0.000000	1.000000	1.000000	0.000000	1.000000	0.000000	1.000000	1.000000	1.000000	1.000000	1.000000	1.000000	1.000000	1.000000	1.000000	1.000000	1.000000	1.000000	1.000000	1.000000	1.000000	1.000000	0.000000	1.000000	1.000000	1.000000	0.000000	1.000000	1.000000	0.000000	1.000000	1.000000	1.000000	1.000000	1.000000	1.000000	1.000000	0.000000	1.000000	1.000000	0.000000	1.000000	1.000000	1.000000	1.000000	0.000000	1.000000	1.000000	1.000000	1.000000	0.000000	1.000000	1.000000	1.000000	0.000000	1.000000	1.000000
ep10177_s0	1.000000	1.000000	1.000000	1.000000	1.000000	1.000000	1.000000	1.000000	1.000000	1.000000	1.000000	1.000000	1.000000	1.000000	1.000000	1.000000	1.000000	1.000000	0.000000	1.000000	1.000000	1.000000	1.000000	1.000000	1.000000	1.000000	1.000000	1.000000	1.000000	1.000000	1.000000	1.000000	1.000000	1.000000	0.000000	0.000000	0.000000	1.000000	0.000000	0.000000	1.000000	1.000000	1.000000	0.000000	1.000000	1.000000	0.000000	1.000000	0.000000	1.000000	1.000000	1.000000	1.000000	1.000000	1.000000	1.000000	1.000000	1.000000	1.000000	1.000000	1.000000	1.000000	1.000000	1.000000	1.000000	0.000000	1.000000	1.000000	1.000000	0.000000	1.000000	1.000000	0.000000	1.000000	1.000000	1.000000	1.000000	1.000000	1.000000	1.000000	0.000000	1.000000	1.000000	0.000000	1.000000	1.000000	1.000000	1.000000	0.000000	1.000000	1.000000	1.000000	1.000000	0.000000	1.000000	1.000000	1.000000	0.000000	1.000000	1.000000
ep17195_s0	1.000000	1.000000	1.000000	1.000000	1.000000	1.000000	1.000000	1.000000	1.000000	1.000000	1.000000	1.000000	1.000000	1.000000	1.000000	1.000000	1.000000	1.000000	0.000000	1.000000	1.000000	1.000000	1.000000	1.000000	1.000000	1.000000	1.000000	1.000000	1.000000	1.000000	1.000000	1.000000	1.000000	1.000000	0.000000	0.000000	0.000000	1.000000	0.000000	0.000000	1.000000	1.000000	1.000000	0.000000	1.000000	1.000000	0.000000	1.000000	0.000000	1.000000	1.000000	1.000000	1.000000	1.000000	1.000000	1.000000	1.000000	1.000000	1.000000	1.000000	1.000000	1.000000	1.000000	1.000000	1.000000	0.000000	1.000000	1.000000	1.000000	0.000000	1.000000	1.000000	0.000000	1.000000	1.000000	1.000000	1.000000	1.000000	1.000000	1.000000	0.000000	1.000000	1.000000	0.000000	1.000000	1.000000	1.000000	1.000000	0.000000	1.000000	1.000000	1.000000	1.000000	0.000000	1.000000	1.000000	1.000000	0.000000	1.000000	1.000000
ep8316_s0	1.000000	1.000000	1.000000	1.000000	1.000000	1.000000	1.000000	1.000000	1.000000	1.000000	1.000000	1.000000	1.000000	1.000000	1.000000	1.000000	1.000000	1.000000	0.000000	1.000000	1.000000	1.000000	1.000000	1.000000	1.000000	1.000000	1.000000	1.000000	1.000000	1.000000	1.000000	1.000000	1.000000	1.000000	0.000000	0.000000	0.000000	1.000000	0.000000	0.000000	1.000000	1.000000	1.000000	0.000000	1.000000	1.000000	0.000000	1.000000	0.000000	1.000000	1.000000	1.000000	1.000000	1.000000	1.000000	1.000000	1.000000	1.000000	1.000000	1.000000	1.000000	1.000000	1.000000	1.000000	1.000000	0.000000	1.000000	1.000000	1.000000	0.000000	1.000000	1.000000	0.000000	1.000000	1.000000	1.000000	1.000000	1.000000	1.000000	1.000000	0.000000	1.000000	1.000000	0.000000	1.000000	1.000000	1.000000	1.000000	0.000000	1.000000	1.000000	1.000000	1.000000	0.000000	1.000000	1.000000	1.000000	0.000000	1.000000	1.000000
ep18355_s0	1.000000	1.000000	1.000000	1.000000	1.000000	1.000000	1.000000	1.000000	1.000000	1.000000	1.000000	1.000000	1.000000	1.000000	1.000000	1.000000	1.000000	1.000000	0.000000	1.000000	1.000000	1.000000	1.000000	1.000000	1.000000	1.000000	1.000000	1.000000	1.000000	1.000000	1.000000	1.000000	1.000000	1.000000	0.000000	0.000000	0.000000	1.000000	0.000000	0.000000	1.000000	1.000000	1.000000	0.000000	1.000000	1.000000	0.000000	1.000000	0.000000	1.000000	1.000000	1.000000	1.000000	1.000000	1.000000	1.000000	1.000000	1.000000	1.000000	1.000000	1.000000	1.000000	1.000000	1.000000	1.000000	0.000000	1.000000	1.000000	1.000000	0.000000	1.000000	1.000000	0.000000	1.000000	1.000000	1.000000	1.000000	1.000000	1.000000	1.000000	0.000000	1.000000	1.000000	0.000000	1.000000	1.000000	1.000000	1.000000	0.000000	1.000000	1.000000	1.000000	1.000000	0.000000	1.000000	1.000000	1.000000	0.000000	1.000000	1.000000
ep9260_s0	1.000000	1.000000	1.000000	1.000000	1.000000	1.000000	1.000000	1.000000	1.000000	1.000000	1.000000	1.000000	1.000000	1.000000	1.000000	1.000000	1.000000	1.000000	0.000000	1.000000	1.000000	1.000000	1.000000	1.000000	1.000000	1.000000	1.000000	1.000000	1.000000	1.000000	1.000000	1.000000	1.000000	1.000000	0.000000	0.000000	0.000000	1.000000	0.000000	0.000000	1.000000	1.000000	1.000000	0.000000	1.000000	1.000000	0.000000	1.000000	0.000000	1.000000	1.000000	1.000000	1.000000	1.000000	1.000000	1.000000	1.000000	1.000000	1.000000	1.000000	1.000000	1.000000	1.000000	1.000000	1.000000	0.000000	1.000000	1.000000	1.000000	0.000000	1.000000	1.000000	0.000000	1.000000	1.000000	1.000000	1.000000	1.000000	1.000000	1.000000	0.000000	1.000000	1.000000	0.000000	1.000000	1.000000	1.000000	1.000000	0.000000	1.000000	1.000000	1.000000	1.000000	0.000000	1.000000	1.000000	1.000000	0.000000	1.000000	1.000000
ep16597_s0	1.000000	1.000000	1.000000	1.000000	1.000000	1.000000	1.000000	1.000000	1.000000	1.000000	1.000000	1.000000	1.000000	1.000000	1.000000	1.000000	1.000000	1.000000	0.000000	1.000000	1.000000	1.000000	1.000000	1.000000	1.000000	1.000000	1.000000	1.000000	1.000000	1.000000	1.000000	1.000000	1.000000	1.000000	0.000000	0.000000	0.000000	1.000000	0.000000	0.000000	1.000000	1.000000	1.000000	0.000000	1.000000	1.000000	0.000000	1.000000	0.000000	1.000000	1.000000	1.000000	1.000000	1.000000	1.000000	1.000000	1.000000	1.000000	1.000000	1.000000	1.000000	1.000000	1.000000	1.000000	1.000000	0.000000	1.000000	1.000000	1.000000	0.000000	1.000000	1.000000	0.000000	1.000000	1.000000	1.000000	1.000000	1.000000	1.000000	1.000000	0.000000	1.000000	1.000000	0.000000	1.000000	1.000000	1.000000	1.000000	0.000000	1.000000	1.000000	1.000000	1.000000	0.000000	1.000000	1.000000	1.000000	0.000000	1.000000	1.000000
ep10414_s0	0.000000	0.000000	0.000000	0.000000	0.000000	0.000000	0.000000	0.000000	0.000000	0.000000	0.000000	0.000000	0.000000	0.000000	0.000000	0.000000	0.000000	0.000000	1.000000	0.000000	0.000000	0.000000	0.000000	0.000000	0.000000	0.000000	0.000000	0.000000	0.000000	0.000000	0.000000	0.000000	0.000000	0.000000	1.000000	1.000000	1.000000	0.000000	1.000000	1.000000	0.000000	0.000000	0.000000	1.000000	0.000000	0.000000	1.000000	0.000000	1.000000	0.000000	0.000000	0.000000	0.000000	0.000000	0.000000	0.000000	0.000000	0.000000	0.000000	0.000000	0.000000	0.000000	0.000000	0.000000	0.000000	1.000000	0.000000	0.000000	0.000000	1.000000	0.000000	0.000000	1.000000	0.000000	0.000000	0.000000	0.000000	0.000000	0.000000	0.000000	1.000000	0.000000	0.000000	1.000000	0.000000	0.000000	0.000000	0.000000	1.000000	0.000000	0.000000	0.000000	0.000000	1.000000	0.000000	0.000000	0.000000	1.000000	0.000000	0.000000
ep9997_s0	1.000000	1.000000	1.000000	1.000000	1.000000	1.000000	1.000000	1.000000	1.000000	1.000000	1.000000	1.000000	1.000000	1.000000	1.000000	1.000000	1.000000	1.000000	0.000000	1.000000	1.000000	1.000000	1.000000	1.000000	1.000000	1.000000	1.000000	1.000000	1.000000	1.000000	1.000000	1.000000	1.000000	1.000000	0.000000	0.000000	0.000000	1.000000	0.000000	0.000000	1.000000	1.000000	1.000000	0.000000	1.000000	1.000000	0.000000	1.000000	0.000000	1.000000	1.000000	1.000000	1.000000	1.000000	1.000000	1.000000	1.000000	1.000000	1.000000	1.000000	1.000000	1.000000	1.000000	1.000000	1.000000	0.000000	1.000000	1.000000	1.000000	0.000000	1.000000	1.000000	0.000000	1.000000	1.000000	1.000000	1.000000	1.000000	1.000000	1.000000	0.000000	1.000000	1.000000	0.000000	1.000000	1.000000	1.000000	1.000000	0.000000	1.000000	1.000000	1.000000	1.000000	0.000000	1.000000	1.000000	1.000000	0.000000	1.000000	1.000000
ep12218_s0	1.000000	1.000000	1.000000	1.000000	1.000000	1.000000	1.000000	1.000000	1.000000	1.000000	1.000000	1.000000	1.000000	1.000000	1.000000	1.000000	1.000000	1.000000	0.000000	1.000000	1.000000	1.000000	1.000000	1.000000	1.000000	1.000000	1.000000	1.000000	1.000000	1.000000	1.000000	1.000000	1.000000	1.000000	0.000000	0.000000	0.000000	1.000000	0.000000	0.000000	1.000000	1.000000	1.000000	0.000000	1.000000	1.000000	0.000000	1.000000	0.000000	1.000000	1.000000	1.000000	1.000000	1.000000	1.000000	1.000000	1.000000	1.000000	1.000000	1.000000	1.000000	1.000000	1.000000	1.000000	1.000000	0.000000	1.000000	1.000000	1.000000	0.000000	1.000000	1.000000	0.000000	1.000000	1.000000	1.000000	1.000000	1.000000	1.000000	1.000000	0.000000	1.000000	1.000000	0.000000	1.000000	1.000000	1.000000	1.000000	0.000000	1.000000	1.000000	1.000000	1.000000	0.000000	1.000000	1.000000	1.000000	0.000000	1.000000	1.000000
ep11024_s0	1.000000	1.000000	1.000000	1.000000	1.000000	1.000000	1.000000	1.000000	1.000000	1.000000	1.000000	1.000000	1.000000	1.000000	1.000000	1.000000	1.000000	1.000000	0.000000	1.000000	1.000000	1.000000	1.000000	1.000000	1.000000	1.000000	1.000000	1.000000	1.000000	1.000000	1.000000	1.000000	1.000000	1.000000	0.000000	0.000000	0.000000	1.000000	0.000000	0.000000	1.000000	1.000000	1.000000	0.000000	1.000000	1.000000	0.000000	1.000000	0.000000	1.000000	1.000000	1.000000	1.000000	1.000000	1.000000	1.000000	1.000000	1.000000	1.000000	1.000000	1.000000	1.000000	1.000000	1.000000	1.000000	0.000000	1.000000	1.000000	1.000000	0.000000	1.000000	1.000000	0.000000	1.000000	1.000000	1.000000	1.000000	1.000000	1.000000	1.000000	0.000000	1.000000	1.000000	0.000000	1.000000	1.000000	1.000000	1.000000	0.000000	1.000000	1.000000	1.000000	1.000000	0.000000	1.000000	1.000000	1.000000	0.000000	1.000000	1.000000
ep2199_s0	0.000000	0.000000	0.000000	0.000000	0.000000	0.000000	0.000000	0.000000	0.000000	0.000000	0.000000	0.000000	0.000000	0.000000	0.000000	0.000000	0.000000	0.000000	1.000000	0.000000	0.000000	0.000000	0.000000	0.000000	0.000000	0.000000	0.000000	0.000000	0.000000	0.000000	0.000000	0.000000	0.000000	0.000000	1.000000	1.000000	1.000000	0.000000	1.000000	1.000000	0.000000	0.000000	0.000000	1.000000	0.000000	0.000000	1.000000	0.000000	1.000000	0.000000	0.000000	0.000000	0.000000	0.000000	0.000000	0.000000	0.000000	0.000000	0.000000	0.000000	0.000000	0.000000	0.000000	0.000000	0.000000	1.000000	0.000000	0.000000	0.000000	1.000000	0.000000	0.000000	1.000000	0.000000	0.000000	0.000000	0.000000	0.000000	0.000000	0.000000	1.000000	0.000000	0.000000	1.000000	0.000000	0.000000	0.000000	0.000000	1.000000	0.000000	0.000000	0.000000	0.000000	1.000000	0.000000	0.000000	0.000000	1.000000	0.000000	0.000000
ep8360_s0	1.000000	1.000000	1.000000	1.000000	1.000000	1.000000	1.000000	1.000000	1.000000	1.000000	1.000000	1.000000	1.000000	1.000000	1.000000	1.000000	1.000000	1.000000	0.000000	1.000000	1.000000	1.000000	1.000000	1.000000	1.000000	1.000000	1.000000	1.000000	1.000000	1.000000	1.000000	1.000000	1.000000	1.000000	0.000000	0.000000	0.000000	1.000000	0.000000	0.000000	1.000000	1.000000	1.000000	0.000000	1.000000	1.000000	0.000000	1.000000	0.000000	1.000000	1.000000	1.000000	1.000000	1.000000	1.000000	1.000000	1.000000	1.000000	1.000000	1.000000	1.000000	1.000000	1.000000	1.000000	1.000000	0.000000	1.000000	1.000000	1.000000	0.000000	1.000000	1.000000	0.000000	1.000000	1.000000	1.000000	1.000000	1.000000	1.000000	1.000000	0.000000	1.000000	1.000000	0.000000	1.000000	1.000000	1.000000	1.000000	0.000000	1.000000	1.000000	1.000000	1.000000	0.000000	1.000000	1.000000	1.000000	0.000000	1.000000	1.000000
ep17692_s0	1.000000	1.000000	1.000000	1.000000	1.000000	1.000000	1.000000	1.000000	1.000000	1.000000	1.000000	1.000000	1.000000	1.000000	1.000000	1.000000	1.000000	1.000000	0.000000	1.000000	1.000000	1.000000	1.000000	1.000000	1.000000	1.000000	1.000000	1.000000	1.000000	1.000000	1.000000	1.000000	1.000000	1.000000	0.000000	0.000000	0.000000	1.000000	0.000000	0.000000	1.000000	1.000000	1.000000	0.000000	1.000000	1.000000	0.000000	1.000000	0.000000	1.000000	1.000000	1.000000	1.000000	1.000000	1.000000	1.000000	1.000000	1.000000	1.000000	1.000000	1.000000	1.000000	1.000000	1.000000	1.000000	0.000000	1.000000	1.000000	1.000000	0.000000	1.000000	1.000000	0.000000	1.000000	1.000000	1.000000	1.000000	1.000000	1.000000	1.000000	0.000000	1.000000	1.000000	0.000000	1.000000	1.000000	1.000000	1.000000	0.000000	1.000000	1.000000	1.000000	1.000000	0.000000	1.000000	1.000000	1.000000	0.000000	1.000000	1.000000
ep11867_s0	0.000000	0.000000	0.000000	0.000000	0.000000	0.000000	0.000000	0.000000	0.000000	0.000000	0.000000	0.000000	0.000000	0.000000	0.000000	0.000000	0.000000	0.000000	1.000000	0.000000	0.000000	0.000000	0.000000	0.000000	0.000000	0.000000	0.000000	0.000000	0.000000	0.000000	0.000000	0.000000	0.000000	0.000000	1.000000	1.000000	1.000000	0.000000	1.000000	1.000000	0.000000	0.000000	0.000000	1.000000	0.000000	0.000000	1.000000	0.000000	1.000000	0.000000	0.000000	0.000000	0.000000	0.000000	0.000000	0.000000	0.000000	0.000000	0.000000	0.000000	0.000000	0.000000	0.000000	0.000000	0.000000	1.000000	0.000000	0.000000	0.000000	1.000000	0.000000	0.000000	1.000000	0.000000	0.000000	0.000000	0.000000	0.000000	0.000000	0.000000	1.000000	0.000000	0.000000	1.000000	0.000000	0.000000	0.000000	0.000000	1.000000	0.000000	0.000000	0.000000	0.000000	1.000000	0.000000	0.000000	0.000000	1.000000	0.000000	0.000000
ep18342_s0	1.000000	1.000000	1.000000	1.000000	1.000000	1.000000	1.000000	1.000000	1.000000	1.000000	1.000000	1.000000	1.000000	1.000000	1.000000	1.000000	1.000000	1.000000	0.000000	1.000000	1.000000	1.000000	1.000000	1.000000	1.000000	1.000000	1.000000	1.000000	1.000000	1.000000	1.000000	1.000000	1.000000	1.000000	0.000000	0.000000	0.000000	1.000000	0.000000	0.000000	1.000000	1.000000	1.000000	0.000000	1.000000	1.000000	0.000000	1.000000	0.000000	1.000000	1.000000	1.000000	1.000000	1.000000	1.000000	1.000000	1.000000	1.000000	1.000000	1.000000	1.000000	1.000000	1.000000	1.000000	1.000000	0.000000	1.000000	1.000000	1.000000	0.000000	1.000000	1.000000	0.000000	1.000000	1.000000	1.000000	1.000000	1.000000	1.000000	1.000000	0.000000	1.000000	1.000000	0.000000	1.000000	1.000000	1.000000	1.000000	0.000000	1.000000	1.000000	1.000000	1.000000	0.000000	1.000000	1.000000	1.000000	0.000000	1.000000	1.000000
ep14078_s0	1.000000	1.000000	1.000000	1.000000	1.000000	1.000000	1.000000	1.000000	1.000000	1.000000	1.000000	1.000000	1.000000	1.000000	1.000000	1.000000	1.000000	1.000000	0.000000	1.000000	1.000000	1.000000	1.000000	1.000000	1.000000	1.000000	1.000000	1.000000	1.000000	1.000000	1.000000	1.000000	1.000000	1.000000	0.000000	0.000000	0.000000	1.000000	0.000000	0.000000	1.000000	1.000000	1.000000	0.000000	1.000000	1.000000	0.000000	1.000000	0.000000	1.000000	1.000000	1.000000	1.000000	1.000000	1.000000	1.000000	1.000000	1.000000	1.000000	1.000000	1.000000	1.000000	1.000000	1.000000	1.000000	0.000000	1.000000	1.000000	1.000000	0.000000	1.000000	1.000000	0.000000	1.000000	1.000000	1.000000	1.000000	1.000000	1.000000	1.000000	0.000000	1.000000	1.000000	0.000000	1.000000	1.000000	1.000000	1.000000	0.000000	1.000000	1.000000	1.000000	1.000000	0.000000	1.000000	1.000000	1.000000	0.000000	1.000000	1.000000
ep11050_s0	1.000000	1.000000	1.000000	1.000000	1.000000	1.000000	1.000000	1.000000	1.000000	1.000000	1.000000	1.000000	1.000000	1.000000	1.000000	1.000000	1.000000	1.000000	0.000000	1.000000	1.000000	1.000000	1.000000	1.000000	1.000000	1.000000	1.000000	1.000000	1.000000	1.000000	1.000000	1.000000	1.000000	1.000000	0.000000	0.000000	0.000000	1.000000	0.000000	0.000000	1.000000	1.000000	1.000000	0.000000	1.000000	1.000000	0.000000	1.000000	0.000000	1.000000	1.000000	1.000000	1.000000	1.000000	1.000000	1.000000	1.000000	1.000000	1.000000	1.000000	1.000000	1.000000	1.000000	1.000000	1.000000	0.000000	1.000000	1.000000	1.000000	0.000000	1.000000	1.000000	0.000000	1.000000	1.000000	1.000000	1.000000	1.000000	1.000000	1.000000	0.000000	1.000000	1.000000	0.000000	1.000000	1.000000	1.000000	1.000000	0.000000	1.000000	1.000000	1.000000	1.000000	0.000000	1.000000	1.000000	1.000000	0.000000	1.000000	1.000000
ep19196_s0	1.000000	1.000000	1.000000	1.000000	1.000000	1.000000	1.000000	1.000000	1.000000	1.000000	1.000000	1.000000	1.000000	1.000000	1.000000	1.000000	1.000000	1.000000	0.000000	1.000000	1.000000	1.000000	1.000000	1.000000	1.000000	1.000000	1.000000	1.000000	1.000000	1.000000	1.000000	1.000000	1.000000	1.000000	0.000000	0.000000	0.000000	1.000000	0.000000	0.000000	1.000000	1.000000	1.000000	0.000000	1.000000	1.000000	0.000000	1.000000	0.000000	1.000000	1.000000	1.000000	1.000000	1.000000	1.000000	1.000000	1.000000	1.000000	1.000000	1.000000	1.000000	1.000000	1.000000	1.000000	1.000000	0.000000	1.000000	1.000000	1.000000	0.000000	1.000000	1.000000	0.000000	1.000000	1.000000	1.000000	1.000000	1.000000	1.000000	1.000000	0.000000	1.000000	1.000000	0.000000	1.000000	1.000000	1.000000	1.000000	0.000000	1.000000	1.000000	1.000000	1.000000	0.000000	1.000000	1.000000	1.000000	0.000000	1.000000	1.000000
ep15155_s0	1.000000	1.000000	1.000000	1.000000	1.000000	1.000000	1.000000	1.000000	1.000000	1.000000	1.000000	1.000000	1.000000	1.000000	1.000000	1.000000	1.000000	1.000000	0.000000	1.000000	1.000000	1.000000	1.000000	1.000000	1.000000	1.000000	1.000000	1.000000	1.000000	1.000000	1.000000	1.000000	1.000000	1.000000	0.000000	0.000000	0.000000	1.000000	0.000000	0.000000	1.000000	1.000000	1.000000	0.000000	1.000000	1.000000	0.000000	1.000000	0.000000	1.000000	1.000000	1.000000	1.000000	1.000000	1.000000	1.000000	1.000000	1.000000	1.000000	1.000000	1.000000	1.000000	1.000000	1.000000	1.000000	0.000000	1.000000	1.000000	1.000000	0.000000	1.000000	1.000000	0.000000	1.000000	1.000000	1.000000	1.000000	1.000000	1.000000	1.000000	0.000000	1.000000	1.000000	0.000000	1.000000	1.000000	1.000000	1.000000	0.000000	1.000000	1.000000	1.000000	1.000000	0.000000	1.000000	1.000000	1.000000	0.000000	1.000000	1.000000
ep14648_s0	1.000000	1.000000	1.000000	1.000000	1.000000	1.000000	1.000000	1.000000	1.000000	1.000000	1.000000	1.000000	1.000000	1.000000	1.000000	1.000000	1.000000	1.000000	0.000000	1.000000	1.000000	1.000000	1.000000	1.000000	1.000000	1.000000	1.000000	1.000000	1.000000	1.000000	1.000000	1.000000	1.000000	1.000000	0.000000	0.000000	0.000000	1.000000	0.000000	0.000000	1.000000	1.000000	1.000000	0.000000	1.000000	1.000000	0.000000	1.000000	0.000000	1.000000	1.000000	1.000000	1.000000	1.000000	1.000000	1.000000	1.000000	1.000000	1.000000	1.000000	1.000000	1.000000	1.000000	1.000000	1.000000	0.000000	1.000000	1.000000	1.000000	0.000000	1.000000	1.000000	0.000000	1.000000	1.000000	1.000000	1.000000	1.000000	1.000000	1.000000	0.000000	1.000000	1.000000	0.000000	1.000000	1.000000	1.000000	1.000000	0.000000	1.000000	1.000000	1.000000	1.000000	0.000000	1.000000	1.000000	1.000000	0.000000	1.000000	1.000000
ep13334_s0	1.000000	1.000000	1.000000	1.000000	1.000000	1.000000	1.000000	1.000000	1.000000	1.000000	1.000000	1.000000	1.000000	1.000000	1.000000	1.000000	1.000000	1.000000	0.000000	1.000000	1.000000	1.000000	1.000000	1.000000	1.000000	1.000000	1.000000	1.000000	1.000000	1.000000	1.000000	1.000000	1.000000	1.000000	0.000000	0.000000	0.000000	1.000000	0.000000	0.000000	1.000000	1.000000	1.000000	0.000000	1.000000	1.000000	0.000000	1.000000	0.000000	1.000000	1.000000	1.000000	1.000000	1.000000	1.000000	1.000000	1.000000	1.000000	1.000000	1.000000	1.000000	1.000000	1.000000	1.000000	1.000000	0.000000	1.000000	1.000000	1.000000	0.000000	1.000000	1.000000	0.000000	1.000000	1.000000	1.000000	1.000000	1.000000	1.000000	1.000000	0.000000	1.000000	1.000000	0.000000	1.000000	1.000000	1.000000	1.000000	0.000000	1.000000	1.000000	1.000000	1.000000	0.000000	1.000000	1.000000	1.000000	0.000000	1.000000	1.000000
ep15771_s0	0.000000	0.000000	0.000000	0.000000	0.000000	0.000000	0.000000	0.000000	0.000000	0.000000	0.000000	0.000000	0.000000	0.000000	0.000000	0.000000	0.000000	0.000000	1.000000	0.000000	0.000000	0.000000	0.000000	0.000000	0.000000	0.000000	0.000000	0.000000	0.000000	0.000000	0.000000	0.000000	0.000000	0.000000	1.000000	1.000000	1.000000	0.000000	1.000000	1.000000	0.000000	0.000000	0.000000	1.000000	0.000000	0.000000	1.000000	0.000000	1.000000	0.000000	0.000000	0.000000	0.000000	0.000000	0.000000	0.000000	0.000000	0.000000	0.000000	0.000000	0.000000	0.000000	0.000000	0.000000	0.000000	1.000000	0.000000	0.000000	0.000000	1.000000	0.000000	0.000000	1.000000	0.000000	0.000000	0.000000	0.000000	0.000000	0.000000	0.000000	1.000000	0.000000	0.000000	1.000000	0.000000	0.000000	0.000000	0.000000	1.000000	0.000000	0.000000	0.000000	0.000000	1.000000	0.000000	0.000000	0.000000	1.000000	0.000000	0.000000
ep15997_s0	1.000000	1.000000	1.000000	1.000000	1.000000	1.000000	1.000000	1.000000	1.000000	1.000000	1.000000	1.000000	1.000000	1.000000	1.000000	1.000000	1.000000	1.000000	0.000000	1.000000	1.000000	1.000000	1.000000	1.000000	1.000000	1.000000	1.000000	1.000000	1.000000	1.000000	1.000000	1.000000	1.000000	1.000000	0.000000	0.000000	0.000000	1.000000	0.000000	0.000000	1.000000	1.000000	1.000000	0.000000	1.000000	1.000000	0.000000	1.000000	0.000000	1.000000	1.000000	1.000000	1.000000	1.000000	1.000000	1.000000	1.000000	1.000000	1.000000	1.000000	1.000000	1.000000	1.000000	1.000000	1.000000	0.000000	1.000000	1.000000	1.000000	0.000000	1.000000	1.000000	0.000000	1.000000	1.000000	1.000000	1.000000	1.000000	1.000000	1.000000	0.000000	1.000000	1.000000	0.000000	1.000000	1.000000	1.000000	1.000000	0.000000	1.000000	1.000000	1.000000	1.000000	0.000000	1.000000	1.000000	1.000000	0.000000	1.000000	1.000000
ep19064_s0	1.000000	1.000000	1.000000	1.000000	1.000000	1.000000	1.000000	1.000000	1.000000	1.000000	1.000000	1.000000	1.000000	1.000000	1.000000	1.000000	1.000000	1.000000	0.000000	1.000000	1.000000	1.000000	1.000000	1.000000	1.000000	1.000000	1.000000	1.000000	1.000000	1.000000	1.000000	1.000000	1.000000	1.000000	0.000000	0.000000	0.000000	1.000000	0.000000	0.000000	1.000000	1.000000	1.000000	0.000000	1.000000	1.000000	0.000000	1.000000	0.000000	1.000000	1.000000	1.000000	1.000000	1.000000	1.000000	1.000000	1.000000	1.000000	1.000000	1.000000	1.000000	1.000000	1.000000	1.000000	1.000000	0.000000	1.000000	1.000000	1.000000	0.000000	1.000000	1.000000	0.000000	1.000000	1.000000	1.000000	1.000000	1.000000	1.000000	1.000000	0.000000	1.000000	1.000000	0.000000	1.000000	1.000000	1.000000	1.000000	0.000000	1.000000	1.000000	1.000000	1.000000	0.000000	1.000000	1.000000	1.000000	0.000000	1.000000	1.000000
ep14541_s0	0.000000	0.000000	0.000000	0.000000	0.000000	0.000000	0.000000	0.000000	0.000000	0.000000	0.000000	0.000000	0.000000	0.000000	0.000000	0.000000	0.000000	0.000000	1.000000	0.000000	0.000000	0.000000	0.000000	0.000000	0.000000	0.000000	0.000000	0.000000	0.000000	0.000000	0.000000	0.000000	0.000000	0.000000	1.000000	1.000000	1.000000	0.000000	1.000000	1.000000	0.000000	0.000000	0.000000	1.000000	0.000000	0.000000	1.000000	0.000000	1.000000	0.000000	0.000000	0.000000	0.000000	0.000000	0.000000	0.000000	0.000000	0.000000	0.000000	0.000000	0.000000	0.000000	0.000000	0.000000	0.000000	1.000000	0.000000	0.000000	0.000000	1.000000	0.000000	0.000000	1.000000	0.000000	0.000000	0.000000	0.000000	0.000000	0.000000	0.000000	1.000000	0.000000	0.000000	1.000000	0.000000	0.000000	0.000000	0.000000	1.000000	0.000000	0.000000	0.000000	0.000000	1.000000	0.000000	0.000000	0.000000	1.000000	0.000000	0.000000
ep11060_s0	1.000000	1.000000	1.000000	1.000000	1.000000	1.000000	1.000000	1.000000	1.000000	1.000000	1.000000	1.000000	1.000000	1.000000	1.000000	1.000000	1.000000	1.000000	0.000000	1.000000	1.000000	1.000000	1.000000	1.000000	1.000000	1.000000	1.000000	1.000000	1.000000	1.000000	1.000000	1.000000	1.000000	1.000000	0.000000	0.000000	0.000000	1.000000	0.000000	0.000000	1.000000	1.000000	1.000000	0.000000	1.000000	1.000000	0.000000	1.000000	0.000000	1.000000	1.000000	1.000000	1.000000	1.000000	1.000000	1.000000	1.000000	1.000000	1.000000	1.000000	1.000000	1.000000	1.000000	1.000000	1.000000	0.000000	1.000000	1.000000	1.000000	0.000000	1.000000	1.000000	0.000000	1.000000	1.000000	1.000000	1.000000	1.000000	1.000000	1.000000	0.000000	1.000000	1.000000	0.000000	1.000000	1.000000	1.000000	1.000000	0.000000	1.000000	1.000000	1.000000	1.000000	0.000000	1.000000	1.000000	1.000000	0.000000	1.000000	1.000000
ep16699_s0	1.000000	1.000000	1.000000	1.000000	1.000000	1.000000	1.000000	1.000000	1.000000	1.000000	1.000000	1.000000	1.000000	1.000000	1.000000	1.000000	1.000000	1.000000	0.000000	1.000000	1.000000	1.000000	1.000000	1.000000	1.000000	1.000000	1.000000	1.000000	1.000000	1.000000	1.000000	1.000000	1.000000	1.000000	0.000000	0.000000	0.000000	1.000000	0.000000	0.000000	1.000000	1.000000	1.000000	0.000000	1.000000	1.000000	0.000000	1.000000	0.000000	1.000000	1.000000	1.000000	1.000000	1.000000	1.000000	1.000000	1.000000	1.000000	1.000000	1.000000	1.000000	1.000000	1.000000	1.000000	1.000000	0.000000	1.000000	1.000000	1.000000	0.000000	1.000000	1.000000	0.000000	1.000000	1.000000	1.000000	1.000000	1.000000	1.000000	1.000000	0.000000	1.000000	1.000000	0.000000	1.000000	1.000000	1.000000	1.000000	0.000000	1.000000	1.000000	1.000000	1.000000	0.000000	1.000000	1.000000	1.000000	0.000000	1.000000	1.000000
ep13586_s0	1.000000	1.000000	1.000000	1.000000	1.000000	1.000000	1.000000	1.000000	1.000000	1.000000	1.000000	1.000000	1.000000	1.000000	1.000000	1.000000	1.000000	1.000000	0.000000	1.000000	1.000000	1.000000	1.000000	1.000000	1.000000	1.000000	1.000000	1.000000	1.000000	1.000000	1.000000	1.000000	1.000000	1.000000	0.000000	0.000000	0.000000	1.000000	0.000000	0.000000	1.000000	1.000000	1.000000	0.000000	1.000000	1.000000	0.000000	1.000000	0.000000	1.000000	1.000000	1.000000	1.000000	1.000000	1.000000	1.000000	1.000000	1.000000	1.000000	1.000000	1.000000	1.000000	1.000000	1.000000	1.000000	0.000000	1.000000	1.000000	1.000000	0.000000	1.000000	1.000000	0.000000	1.000000	1.000000	1.000000	1.000000	1.000000	1.000000	1.000000	0.000000	1.000000	1.000000	0.000000	1.000000	1.000000	1.000000	1.000000	0.000000	1.000000	1.000000	1.000000	1.000000	0.000000	1.000000	1.000000	1.000000	0.000000	1.000000	1.000000
ep15909_s0	1.000000	1.000000	1.000000	1.000000	1.000000	1.000000	1.000000	1.000000	1.000000	1.000000	1.000000	1.000000	1.000000	1.000000	1.000000	1.000000	1.000000	1.000000	0.000000	1.000000	1.000000	1.000000	1.000000	1.000000	1.000000	1.000000	1.000000	1.000000	1.000000	1.000000	1.000000	1.000000	1.000000	1.000000	0.000000	0.000000	0.000000	1.000000	0.000000	0.000000	1.000000	1.000000	1.000000	0.000000	1.000000	1.000000	0.000000	1.000000	0.000000	1.000000	1.000000	1.000000	1.000000	1.000000	1.000000	1.000000	1.000000	1.000000	1.000000	1.000000	1.000000	1.000000	1.000000	1.000000	1.000000	0.000000	1.000000	1.000000	1.000000	0.000000	1.000000	1.000000	0.000000	1.000000	1.000000	1.000000	1.000000	1.000000	1.000000	1.000000	0.000000	1.000000	1.000000	0.000000	1.000000	1.000000	1.000000	1.000000	0.000000	1.000000	1.000000	1.000000	1.000000	0.000000	1.000000	1.000000	1.000000	0.000000	1.000000	1.000000
ep3356_s0	0.000000	0.000000	0.000000	0.000000	0.000000	0.000000	0.000000	0.000000	0.000000	0.000000	0.000000	0.000000	0.000000	0.000000	0.000000	0.000000	0.000000	0.000000	1.000000	0.000000	0.000000	0.000000	0.000000	0.000000	0.000000	0.000000	0.000000	0.000000	0.000000	0.000000	0.000000	0.000000	0.000000	0.000000	1.000000	1.000000	1.000000	0.000000	1.000000	1.000000	0.000000	0.000000	0.000000	1.000000	0.000000	0.000000	1.000000	0.000000	1.000000	0.000000	0.000000	0.000000	0.000000	0.000000	0.000000	0.000000	0.000000	0.000000	0.000000	0.000000	0.000000	0.000000	0.000000	0.000000	0.000000	1.000000	0.000000	0.000000	0.000000	1.000000	0.000000	0.000000	1.000000	0.000000	0.000000	0.000000	0.000000	0.000000	0.000000	0.000000	1.000000	0.000000	0.000000	1.000000	0.000000	0.000000	0.000000	0.000000	1.000000	0.000000	0.000000	0.000000	0.000000	1.000000	0.000000	0.000000	0.000000	1.000000	0.000000	0.000000
ep8273_s0	1.000000	1.000000	1.000000	1.000000	1.000000	1.000000	1.000000	1.000000	1.000000	1.000000	1.000000	1.000000	1.000000	1.000000	1.000000	1.000000	1.000000	1.000000	0.000000	1.000000	1.000000	1.000000	1.000000	1.000000	1.000000	1.000000	1.000000	1.000000	1.000000	1.000000	1.000000	1.000000	1.000000	1.000000	0.000000	0.000000	0.000000	1.000000	0.000000	0.000000	1.000000	1.000000	1.000000	0.000000	1.000000	1.000000	0.000000	1.000000	0.000000	1.000000	1.000000	1.000000	1.000000	1.000000	1.000000	1.000000	1.000000	1.000000	1.000000	1.000000	1.000000	1.000000	1.000000	1.000000	1.000000	0.000000	1.000000	1.000000	1.000000	0.000000	1.000000	1.000000	0.000000	1.000000	1.000000	1.000000	1.000000	1.000000	1.000000	1.000000	0.000000	1.000000	1.000000	0.000000	1.000000	1.000000	1.000000	1.000000	0.000000	1.000000	1.000000	1.000000	1.000000	0.000000	1.000000	1.000000	1.000000	0.000000	1.000000	1.000000
ep8238_s0	1.000000	1.000000	1.000000	1.000000	1.000000	1.000000	1.000000	1.000000	1.000000	1.000000	1.000000	1.000000	1.000000	1.000000	1.000000	1.000000	1.000000	1.000000	0.000000	1.000000	1.000000	1.000000	1.000000	1.000000	1.000000	1.000000	1.000000	1.000000	1.000000	1.000000	1.000000	1.000000	1.000000	1.000000	0.000000	0.000000	0.000000	1.000000	0.000000	0.000000	1.000000	1.000000	1.000000	0.000000	1.000000	1.000000	0.000000	1.000000	0.000000	1.000000	1.000000	1.000000	1.000000	1.000000	1.000000	1.000000	1.000000	1.000000	1.000000	1.000000	1.000000	1.000000	1.000000	1.000000	1.000000	0.000000	1.000000	1.000000	1.000000	0.000000	1.000000	1.000000	0.000000	1.000000	1.000000	1.000000	1.000000	1.000000	1.000000	1.000000	0.000000	1.000000	1.000000	0.000000	1.000000	1.000000	1.000000	1.000000	0.000000	1.000000	1.000000	1.000000	1.000000	0.000000	1.000000	1.000000	1.000000	0.000000	1.000000	1.000000
ep14134_s0	1.000000	1.000000	1.000000	1.000000	1.000000	1.000000	1.000000	1.000000	1.000000	1.000000	1.000000	1.000000	1.000000	1.000000	1.000000	1.000000	1.000000	1.000000	0.000000	1.000000	1.000000	1.000000	1.000000	1.000000	1.000000	1.000000	1.000000	1.000000	1.000000	1.000000	1.000000	1.000000	1.000000	1.000000	0.000000	0.000000	0.000000	1.000000	0.000000	0.000000	1.000000	1.000000	1.000000	0.000000	1.000000	1.000000	0.000000	1.000000	0.000000	1.000000	1.000000	1.000000	1.000000	1.000000	1.000000	1.000000	1.000000	1.000000	1.000000	1.000000	1.000000	1.000000	1.000000	1.000000	1.000000	0.000000	1.000000	1.000000	1.000000	0.000000	1.000000	1.000000	0.000000	1.000000	1.000000	1.000000	1.000000	1.000000	1.000000	1.000000	0.000000	1.000000	1.000000	0.000000	1.000000	1.000000	1.000000	1.000000	0.000000	1.000000	1.000000	1.000000	1.000000	0.000000	1.000000	1.000000	1.000000	0.000000	1.000000	1.000000
ep15881_s0	1.000000	1.000000	1.000000	1.000000	1.000000	1.000000	1.000000	1.000000	1.000000	1.000000	1.000000	1.000000	1.000000	1.000000	1.000000	1.000000	1.000000	1.000000	0.000000	1.000000	1.000000	1.000000	1.000000	1.000000	1.000000	1.000000	1.000000	1.000000	1.000000	1.000000	1.000000	1.000000	1.000000	1.000000	0.000000	0.000000	0.000000	1.000000	0.000000	0.000000	1.000000	1.000000	1.000000	0.000000	1.000000	1.000000	0.000000	1.000000	0.000000	1.000000	1.000000	1.000000	1.000000	1.000000	1.000000	1.000000	1.000000	1.000000	1.000000	1.000000	1.000000	1.000000	1.000000	1.000000	1.000000	0.000000	1.000000	1.000000	1.000000	0.000000	1.000000	1.000000	0.000000	1.000000	1.000000	1.000000	1.000000	1.000000	1.000000	1.000000	0.000000	1.000000	1.000000	0.000000	1.000000	1.000000	1.000000	1.000000	0.000000	1.000000	1.000000	1.000000	1.000000	0.000000	1.000000	1.000000	1.000000	0.000000	1.000000	1.000000
ep12876_s0	0.000000	0.000000	0.000000	0.000000	0.000000	0.000000	0.000000	0.000000	0.000000	0.000000	0.000000	0.000000	0.000000	0.000000	0.000000	0.000000	0.000000	0.000000	1.000000	0.000000	0.000000	0.000000	0.000000	0.000000	0.000000	0.000000	0.000000	0.000000	0.000000	0.000000	0.000000	0.000000	0.000000	0.000000	1.000000	1.000000	1.000000	0.000000	1.000000	1.000000	0.000000	0.000000	0.000000	1.000000	0.000000	0.000000	1.000000	0.000000	1.000000	0.000000	0.000000	0.000000	0.000000	0.000000	0.000000	0.000000	0.000000	0.000000	0.000000	0.000000	0.000000	0.000000	0.000000	0.000000	0.000000	1.000000	0.000000	0.000000	0.000000	1.000000	0.000000	0.000000	1.000000	0.000000	0.000000	0.000000	0.000000	0.000000	0.000000	0.000000	1.000000	0.000000	0.000000	1.000000	0.000000	0.000000	0.000000	0.000000	1.000000	0.000000	0.000000	0.000000	0.000000	1.000000	0.000000	0.000000	0.000000	1.000000	0.000000	0.000000
ep8193_s0	1.000000	1.000000	1.000000	1.000000	1.000000	1.000000	1.000000	1.000000	1.000000	1.000000	1.000000	1.000000	1.000000	1.000000	1.000000	1.000000	1.000000	1.000000	0.000000	1.000000	1.000000	1.000000	1.000000	1.000000	1.000000	1.000000	1.000000	1.000000	1.000000	1.000000	1.000000	1.000000	1.000000	1.000000	0.000000	0.000000	0.000000	1.000000	0.000000	0.000000	1.000000	1.000000	1.000000	0.000000	1.000000	1.000000	0.000000	1.000000	0.000000	1.000000	1.000000	1.000000	1.000000	1.000000	1.000000	1.000000	1.000000	1.000000	1.000000	1.000000	1.000000	1.000000	1.000000	1.000000	1.000000	0.000000	1.000000	1.000000	1.000000	0.000000	1.000000	1.000000	0.000000	1.000000	1.000000	1.000000	1.000000	1.000000	1.000000	1.000000	0.000000	1.000000	1.000000	0.000000	1.000000	1.000000	1.000000	1.000000	0.000000	1.000000	1.000000	1.000000	1.000000	0.000000	1.000000	1.000000	1.000000	0.000000	1.000000	1.000000
ep19889_s0	1.000000	1.000000	1.000000	1.000000	1.000000	1.000000	1.000000	1.000000	1.000000	1.000000	1.000000	1.000000	1.000000	1.000000	1.000000	1.000000	1.000000	1.000000	0.000000	1.000000	1.000000	1.000000	1.000000	1.000000	1.000000	1.000000	1.000000	1.000000	1.000000	1.000000	1.000000	1.000000	1.000000	1.000000	0.000000	0.000000	0.000000	1.000000	0.000000	0.000000	1.000000	1.000000	1.000000	0.000000	1.000000	1.000000	0.000000	1.000000	0.000000	1.000000	1.000000	1.000000	1.000000	1.000000	1.000000	1.000000	1.000000	1.000000	1.000000	1.000000	1.000000	1.000000	1.000000	1.000000	1.000000	0.000000	1.000000	1.000000	1.000000	0.000000	1.000000	1.000000	0.000000	1.000000	1.000000	1.000000	1.000000	1.000000	1.000000	1.000000	0.000000	1.000000	1.000000	0.000000	1.000000	1.000000	1.000000	1.000000	0.000000	1.000000	1.000000	1.000000	1.000000	0.000000	1.000000	1.000000	1.000000	0.000000	1.000000	1.000000
ep7970_s0	1.000000	1.000000	1.000000	1.000000	1.000000	1.000000	1.000000	1.000000	1.000000	1.000000	1.000000	1.000000	1.000000	1.000000	1.000000	1.000000	1.000000	1.000000	0.000000	1.000000	1.000000	1.000000	1.000000	1.000000	1.000000	1.000000	1.000000	1.000000	1.000000	1.000000	1.000000	1.000000	1.000000	1.000000	0.000000	0.000000	0.000000	1.000000	0.000000	0.000000	1.000000	1.000000	1.000000	0.000000	1.000000	1.000000	0.000000	1.000000	0.000000	1.000000	1.000000	1.000000	1.000000	1.000000	1.000000	1.000000	1.000000	1.000000	1.000000	1.000000	1.000000	1.000000	1.000000	1.000000	1.000000	0.000000	1.000000	1.000000	1.000000	0.000000	1.000000	1.000000	0.000000	1.000000	1.000000	1.000000	1.000000	1.000000	1.000000	1.000000	0.000000	1.000000	1.000000	0.000000	1.000000	1.000000	1.000000	1.000000	0.000000	1.000000	1.000000	1.000000	1.000000	0.000000	1.000000	1.000000	1.000000	0.000000	1.000000	1.000000
ep16972_s0	0.000000	0.000000	0.000000	0.000000	0.000000	0.000000	0.000000	0.000000	0.000000	0.000000	0.000000	0.000000	0.000000	0.000000	0.000000	0.000000	0.000000	0.000000	1.000000	0.000000	0.000000	0.000000	0.000000	0.000000	0.000000	0.000000	0.000000	0.000000	0.000000	0.000000	0.000000	0.000000	0.000000	0.000000	1.000000	1.000000	1.000000	0.000000	1.000000	1.000000	0.000000	0.000000	0.000000	1.000000	0.000000	0.000000	1.000000	0.000000	1.000000	0.000000	0.000000	0.000000	0.000000	0.000000	0.000000	0.000000	0.000000	0.000000	0.000000	0.000000	0.000000	0.000000	0.000000	0.000000	0.000000	1.000000	0.000000	0.000000	0.000000	1.000000	0.000000	0.000000	1.000000	0.000000	0.000000	0.000000	0.000000	0.000000	0.000000	0.000000	1.000000	0.000000	0.000000	1.000000	0.000000	0.000000	0.000000	0.000000	1.000000	0.000000	0.000000	0.000000	0.000000	1.000000	0.000000	0.000000	0.000000	1.000000	0.000000	0.000000
ep16349_s0	1.000000	1.000000	1.000000	1.000000	1.000000	1.000000	1.000000	1.000000	1.000000	1.000000	1.000000	1.000000	1.000000	1.000000	1.000000	1.000000	1.000000	1.000000	0.000000	1.000000	1.000000	1.000000	1.000000	1.000000	1.000000	1.000000	1.000000	1.000000	1.000000	1.000000	1.000000	1.000000	1.000000	1.000000	0.000000	0.000000	0.000000	1.000000	0.000000	0.000000	1.000000	1.000000	1.000000	0.000000	1.000000	1.000000	0.000000	1.000000	0.000000	1.000000	1.000000	1.000000	1.000000	1.000000	1.000000	1.000000	1.000000	1.000000	1.000000	1.000000	1.000000	1.000000	1.000000	1.000000	1.000000	0.000000	1.000000	1.000000	1.000000	0.000000	1.000000	1.000000	0.000000	1.000000	1.000000	1.000000	1.000000	1.000000	1.000000	1.000000	0.000000	1.000000	1.000000	0.000000	1.000000	1.000000	1.000000	1.000000	0.000000	1.000000	1.000000	1.000000	1.000000	0.000000	1.000000	1.000000	1.000000	0.000000	1.000000	1.000000
ep15799_s0	1.000000	1.000000	1.000000	1.000000	1.000000	1.000000	1.000000	1.000000	1.000000	1.000000	1.000000	1.000000	1.000000	1.000000	1.000000	1.000000	1.000000	1.000000	0.000000	1.000000	1.000000	1.000000	1.000000	1.000000	1.000000	1.000000	1.000000	1.000000	1.000000	1.000000	1.000000	1.000000	1.000000	1.000000	0.000000	0.000000	0.000000	1.000000	0.000000	0.000000	1.000000	1.000000	1.000000	0.000000	1.000000	1.000000	0.000000	1.000000	0.000000	1.000000	1.000000	1.000000	1.000000	1.000000	1.000000	1.000000	1.000000	1.000000	1.000000	1.000000	1.000000	1.000000	1.000000	1.000000	1.000000	0.000000	1.000000	1.000000	1.000000	0.000000	1.000000	1.000000	0.000000	1.000000	1.000000	1.000000	1.000000	1.000000	1.000000	1.000000	0.000000	1.000000	1.000000	0.000000	1.000000	1.000000	1.000000	1.000000	0.000000	1.000000	1.000000	1.000000	1.000000	0.000000	1.000000	1.000000	1.000000	0.000000	1.000000	1.000000
