fidelity_row_index	label	episode	snapshot_index	cluster	fidelity_error_mha	fidelity_gates	fidelity_rot	fidelity_optimizer	fidelity_params	episode_key	run_dir	event_step	event_error_mha	baseline_error_mha	retained_error_mha	delta_error_mha	allowed_error_mha	original_gate_count	fixed_gate_count	effective_max_prune_steps	retained_gate_count	removed_gate_count	redundancy_ratio_pct	resolved_optimizer	last_action	retained_gates	retained_gates_with_angles	retained_signature
0	ep14467_s0	14467	0	1	0.0	4	3	rotosolve	sweeps=2	crlqas__L3_CH2_Singlet_8q__L3_CH2_Singlet_8q_rotosolve_s2_20k__seed11111__ep14467__snap0	/home/ubuntu/NeurIPS2026/PSQASBench/results/crlqas/L3_CH2_Singlet_8q/Formal_EXP/L3_CH2_Singlet_8q_rotosolve_s2_20k/seed11111	10	0.000623	0.000000	0.000000	0.000000	0.050000	10	2	8	4	6	60.00	rotosolve	CNOT(1->5)	RY(q=5) | RY(q=1) | RX(q=7) | CNOT(1->5)	RY(q=5,θ=-3.142) | RY(q=1,θ=+0.180) | RX(q=7,θ=+3.142) | CNOT(1->5)	"[""RY(q=5)"", ""RY(q=1)"", ""RX(q=7)"", ""CNOT(1->5)""]"
1	ep8081_s0	8081	0	1	0.0	4	3	rotosolve	sweeps=2	crlqas__L3_CH2_Singlet_8q__L3_CH2_Singlet_8q_rotosolve_s2_20k__seed11111__ep8081__snap0	/home/ubuntu/NeurIPS2026/PSQASBench/results/crlqas/L3_CH2_Singlet_8q/Formal_EXP/L3_CH2_Singlet_8q_rotosolve_s2_20k/seed11111	7	0.000623	0.000000	0.000000	0.000000	0.050000	7	2	5	4	3	42.86	rotosolve	CNOT(1->5)	RY(q=1) | RY(q=5) | RX(q=7) | CNOT(1->5)	RY(q=1,θ=+0.180) | RY(q=5,θ=-3.142) | RX(q=7,θ=+3.142) | CNOT(1->5)	"[""RY(q=1)"", ""RY(q=5)"", ""RX(q=7)"", ""CNOT(1->5)""]"
2	ep8752_s0	8752	0	1	0.0	4	3	rotosolve	sweeps=2	crlqas__L3_CH2_Singlet_8q__L3_CH2_Singlet_8q_rotosolve_s2_20k__seed11111__ep8752__snap0	/home/ubuntu/NeurIPS2026/PSQASBench/results/crlqas/L3_CH2_Singlet_8q/Formal_EXP/L3_CH2_Singlet_8q_rotosolve_s2_20k/seed11111	7	0.000623	0.000000	0.000000	0.000000	0.050000	7	0	7	4	3	42.86	rotosolve	RY(q=7)	RY(q=1) | RY(q=5) | CNOT(5->1) | RY(q=7)	RY(q=1,θ=+3.142) | RY(q=5,θ=+2.961) | CNOT(5->1) | RY(q=7,θ=+3.142)	"[""RY(q=1)"", ""RY(q=5)"", ""CNOT(5->1)"", ""RY(q=7)""]"
3	ep11022_s0	11022	0	1	0.0	4	3	rotosolve	sweeps=2	crlqas__L3_CH2_Singlet_8q__L3_CH2_Singlet_8q_rotosolve_s2_20k__seed11111__ep11022__snap0	/home/ubuntu/NeurIPS2026/PSQASBench/results/crlqas/L3_CH2_Singlet_8q/Formal_EXP/L3_CH2_Singlet_8q_rotosolve_s2_20k/seed11111	5	0.000623	0.000000	0.000000	0.000000	0.050000	5	1	4	4	1	20.00	rotosolve	CNOT(1->5)	RY(q=7) | RY(q=1) | RY(q=5) | CNOT(1->5)	RY(q=7,θ=+3.142) | RY(q=1,θ=+0.180) | RY(q=5,θ=-3.142) | CNOT(1->5)	"[""RY(q=7)"", ""RY(q=1)"", ""RY(q=5)"", ""CNOT(1->5)""]"
4	ep16998_s0	16998	0	1	0.0	4	3	rotosolve	sweeps=2	crlqas__L3_CH2_Singlet_8q__L3_CH2_Singlet_8q_rotosolve_s2_20k__seed11111__ep16998__snap0	/home/ubuntu/NeurIPS2026/PSQASBench/results/crlqas/L3_CH2_Singlet_8q/Formal_EXP/L3_CH2_Singlet_8q_rotosolve_s2_20k/seed11111	5	0.000623	0.000000	0.000000	0.000000	0.050000	5	2	3	4	1	20.00	rotosolve	CNOT(1->5)	RY(q=5) | RY(q=1) | RX(q=7) | CNOT(1->5)	RY(q=5,θ=-3.142) | RY(q=1,θ=+0.180) | RX(q=7,θ=+3.142) | CNOT(1->5)	"[""RY(q=5)"", ""RY(q=1)"", ""RX(q=7)"", ""CNOT(1->5)""]"
5	ep18029_s0	18029	0	1	0.0	4	3	rotosolve	sweeps=2	crlqas__L3_CH2_Singlet_8q__L3_CH2_Singlet_8q_rotosolve_s2_20k__seed11111__ep18029__snap0	/home/ubuntu/NeurIPS2026/PSQASBench/results/crlqas/L3_CH2_Singlet_8q/Formal_EXP/L3_CH2_Singlet_8q_rotosolve_s2_20k/seed11111	6	0.000623	0.000000	0.000000	0.000000	0.050000	6	2	4	4	2	33.33	rotosolve	CNOT(1->5)	RY(q=1) | RY(q=5) | RX(q=7) | CNOT(1->5)	RY(q=1,θ=+0.180) | RY(q=5,θ=-3.142) | RX(q=7,θ=+3.142) | CNOT(1->5)	"[""RY(q=1)"", ""RY(q=5)"", ""RX(q=7)"", ""CNOT(1->5)""]"
6	ep12828_s0	12828	0	1	0.0	4	3	rotosolve	sweeps=2	crlqas__L3_CH2_Singlet_8q__L3_CH2_Singlet_8q_rotosolve_s2_20k__seed11111__ep12828__snap0	/home/ubuntu/NeurIPS2026/PSQASBench/results/crlqas/L3_CH2_Singlet_8q/Formal_EXP/L3_CH2_Singlet_8q_rotosolve_s2_20k/seed11111	4	0.000623	0.000000	0.000000	0.000000	0.050000	4	1	3	4	0	0.00	rotosolve	CNOT(1->5)	RX(q=5) | RY(q=7) | RY(q=1) | CNOT(1->5)	RX(q=5,θ=-3.142) | RY(q=7,θ=+3.142) | RY(q=1,θ=+0.180) | CNOT(1->5)	"[""RX(q=5)"", ""RY(q=7)"", ""RY(q=1)"", ""CNOT(1->5)""]"
7	ep18776_s0	18776	0	1	0.0	4	3	rotosolve	sweeps=2	crlqas__L3_CH2_Singlet_8q__L3_CH2_Singlet_8q_rotosolve_s2_20k__seed11111__ep18776__snap0	/home/ubuntu/NeurIPS2026/PSQASBench/results/crlqas/L3_CH2_Singlet_8q/Formal_EXP/L3_CH2_Singlet_8q_rotosolve_s2_20k/seed11111	5	0.000623	0.000000	0.000000	0.000000	0.050000	5	2	3	4	1	20.00	rotosolve	CNOT(1->5)	RY(q=1) | RY(q=5) | RX(q=7) | CNOT(1->5)	RY(q=1,θ=+0.180) | RY(q=5,θ=-3.142) | RX(q=7,θ=+3.142) | CNOT(1->5)	"[""RY(q=1)"", ""RY(q=5)"", ""RX(q=7)"", ""CNOT(1->5)""]"
8	ep13899_s0	13899	0	1	0.0	4	3	rotosolve	sweeps=2	crlqas__L3_CH2_Singlet_8q__L3_CH2_Singlet_8q_rotosolve_s2_20k__seed11111__ep13899__snap0	/home/ubuntu/NeurIPS2026/PSQASBench/results/crlqas/L3_CH2_Singlet_8q/Formal_EXP/L3_CH2_Singlet_8q_rotosolve_s2_20k/seed11111	7	0.000623	0.000000	0.000000	0.000000	0.050000	7	2	5	4	3	42.86	rotosolve	CNOT(1->5)	RY(q=1) | RY(q=5) | RX(q=7) | CNOT(1->5)	RY(q=1,θ=+0.180) | RY(q=5,θ=-3.142) | RX(q=7,θ=+3.142) | CNOT(1->5)	"[""RY(q=1)"", ""RY(q=5)"", ""RX(q=7)"", ""CNOT(1->5)""]"
9	ep15828_s0	15828	0	1	0.0	4	2	rotosolve	sweeps=2	crlqas__L3_CH2_Singlet_8q__L3_CH2_Singlet_8q_rotosolve_s2_20k__seed11111__ep15828__snap0	/home/ubuntu/NeurIPS2026/PSQASBench/results/crlqas/L3_CH2_Singlet_8q/Formal_EXP/L3_CH2_Singlet_8q_rotosolve_s2_20k/seed11111	5	0.000623	0.000000	0.000000	0.000000	0.050000	5	1	4	4	1	20.00	rotosolve	CNOT(1->5)	RY(q=5) | RY(q=1) | CNOT(5->7) | CNOT(1->5)	RY(q=5,θ=-3.142) | RY(q=1,θ=+0.180) | CNOT(5->7) | CNOT(1->5)	"[""RY(q=5)"", ""RY(q=1)"", ""CNOT(5->7)"", ""CNOT(1->5)""]"
10	ep9195_s0	9195	0	1	0.0	4	3	rotosolve	sweeps=2	crlqas__L3_CH2_Singlet_8q__L3_CH2_Singlet_8q_rotosolve_s2_20k__seed11111__ep9195__snap0	/home/ubuntu/NeurIPS2026/PSQASBench/results/crlqas/L3_CH2_Singlet_8q/Formal_EXP/L3_CH2_Singlet_8q_rotosolve_s2_20k/seed11111	13	0.000623	0.000000	0.000000	0.000000	0.050000	13	3	10	4	9	69.23	rotosolve	RZ(q=0)	RY(q=1) | RY(q=5) | RX(q=7) | CNOT(1->5)	RY(q=1,θ=+0.180) | RY(q=5,θ=-3.142) | RX(q=7,θ=+3.142) | CNOT(1->5)	"[""RY(q=1)"", ""RY(q=5)"", ""RX(q=7)"", ""CNOT(1->5)""]"
11	ep19633_s0	19633	0	1	0.0	4	3	rotosolve	sweeps=2	crlqas__L3_CH2_Singlet_8q__L3_CH2_Singlet_8q_rotosolve_s2_20k__seed11111__ep19633__snap0	/home/ubuntu/NeurIPS2026/PSQASBench/results/crlqas/L3_CH2_Singlet_8q/Formal_EXP/L3_CH2_Singlet_8q_rotosolve_s2_20k/seed11111	6	0.000623	0.000000	0.000000	0.000000	0.050000	6	1	5	4	2	33.33	rotosolve	CNOT(1->5)	RY(q=1) | RY(q=5) | RY(q=7) | CNOT(1->5)	RY(q=1,θ=+0.180) | RY(q=5,θ=-3.142) | RY(q=7,θ=+3.142) | CNOT(1->5)	"[""RY(q=1)"", ""RY(q=5)"", ""RY(q=7)"", ""CNOT(1->5)""]"
12	ep13699_s0	13699	0	1	0.0	4	3	rotosolve	sweeps=2	crlqas__L3_CH2_Singlet_8q__L3_CH2_Singlet_8q_rotosolve_s2_20k__seed11111__ep13699__snap0	/home/ubuntu/NeurIPS2026/PSQASBench/results/crlqas/L3_CH2_Singlet_8q/Formal_EXP/L3_CH2_Singlet_8q_rotosolve_s2_20k/seed11111	6	0.000623	0.000000	0.000000	0.000000	0.050000	6	2	4	4	2	33.33	rotosolve	CNOT(1->5)	RY(q=1) | RY(q=5) | RX(q=7) | CNOT(1->5)	RY(q=1,θ=+0.180) | RY(q=5,θ=-3.142) | RX(q=7,θ=+3.142) | CNOT(1->5)	"[""RY(q=1)"", ""RY(q=5)"", ""RX(q=7)"", ""CNOT(1->5)""]"
13	ep11302_s0	11302	0	1	0.0	4	3	rotosolve	sweeps=2	crlqas__L3_CH2_Singlet_8q__L3_CH2_Singlet_8q_rotosolve_s2_20k__seed11111__ep11302__snap0	/home/ubuntu/NeurIPS2026/PSQASBench/results/crlqas/L3_CH2_Singlet_8q/Formal_EXP/L3_CH2_Singlet_8q_rotosolve_s2_20k/seed11111	7	0.000623	0.000000	0.000000	0.000000	0.050000	7	2	5	4	3	42.86	rotosolve	CNOT(1->5)	RY(q=1) | RY(q=5) | RX(q=7) | CNOT(1->5)	RY(q=1,θ=+0.180) | RY(q=5,θ=-3.142) | RX(q=7,θ=+3.142) | CNOT(1->5)	"[""RY(q=1)"", ""RY(q=5)"", ""RX(q=7)"", ""CNOT(1->5)""]"
14	ep16549_s0	16549	0	1	0.0	4	3	rotosolve	sweeps=2	crlqas__L3_CH2_Singlet_8q__L3_CH2_Singlet_8q_rotosolve_s2_20k__seed11111__ep16549__snap0	/home/ubuntu/NeurIPS2026/PSQASBench/results/crlqas/L3_CH2_Singlet_8q/Formal_EXP/L3_CH2_Singlet_8q_rotosolve_s2_20k/seed11111	8	0.000623	0.000000	0.000000	0.000000	0.050000	8	1	7	4	4	50.00	rotosolve	CNOT(1->5)	RY(q=1) | RY(q=5) | RY(q=7) | CNOT(1->5)	RY(q=1,θ=+0.180) | RY(q=5,θ=-3.142) | RY(q=7,θ=+3.142) | CNOT(1->5)	"[""RY(q=1)"", ""RY(q=5)"", ""RY(q=7)"", ""CNOT(1->5)""]"
15	ep12759_s0	12759	0	1	0.0	4	3	rotosolve	sweeps=2	crlqas__L3_CH2_Singlet_8q__L3_CH2_Singlet_8q_rotosolve_s2_20k__seed11111__ep12759__snap0	/home/ubuntu/NeurIPS2026/PSQASBench/results/crlqas/L3_CH2_Singlet_8q/Formal_EXP/L3_CH2_Singlet_8q_rotosolve_s2_20k/seed11111	4	0.000623	0.000000	0.000000	0.000000	0.050000	4	1	3	4	0	0.00	rotosolve	CNOT(1->5)	RX(q=5) | RY(q=7) | RY(q=1) | CNOT(1->5)	RX(q=5,θ=-3.142) | RY(q=7,θ=+3.142) | RY(q=1,θ=+0.180) | CNOT(1->5)	"[""RX(q=5)"", ""RY(q=7)"", ""RY(q=1)"", ""CNOT(1->5)""]"
16	ep10182_s0	10182	0	1	0.0	4	3	rotosolve	sweeps=2	crlqas__L3_CH2_Singlet_8q__L3_CH2_Singlet_8q_rotosolve_s2_20k__seed11111__ep10182__snap0	/home/ubuntu/NeurIPS2026/PSQASBench/results/crlqas/L3_CH2_Singlet_8q/Formal_EXP/L3_CH2_Singlet_8q_rotosolve_s2_20k/seed11111	7	0.000623	0.000000	0.000000	0.000000	0.050000	7	2	5	4	3	42.86	rotosolve	CNOT(1->5)	RY(q=1) | RX(q=7) | RY(q=5) | CNOT(1->5)	RY(q=1,θ=+0.180) | RX(q=7,θ=+3.142) | RY(q=5,θ=-3.142) | CNOT(1->5)	"[""RY(q=1)"", ""RX(q=7)"", ""RY(q=5)"", ""CNOT(1->5)""]"
17	ep13909_s0	13909	0	1	0.0	4	3	rotosolve	sweeps=2	crlqas__L3_CH2_Singlet_8q__L3_CH2_Singlet_8q_rotosolve_s2_20k__seed11111__ep13909__snap0	/home/ubuntu/NeurIPS2026/PSQASBench/results/crlqas/L3_CH2_Singlet_8q/Formal_EXP/L3_CH2_Singlet_8q_rotosolve_s2_20k/seed11111	5	0.000623	0.000000	0.000000	0.000000	0.050000	5	2	3	4	1	20.00	rotosolve	CNOT(1->5)	RY(q=1) | RY(q=5) | RX(q=7) | CNOT(1->5)	RY(q=1,θ=+0.180) | RY(q=5,θ=-3.142) | RX(q=7,θ=+3.142) | CNOT(1->5)	"[""RY(q=1)"", ""RY(q=5)"", ""RX(q=7)"", ""CNOT(1->5)""]"
18	ep10882_s0	10882	0	0	0.0	4	3	rotosolve	sweeps=2	crlqas__L3_CH2_Singlet_8q__L3_CH2_Singlet_8q_rotosolve_s2_20k__seed11111__ep10882__snap0	/home/ubuntu/NeurIPS2026/PSQASBench/results/crlqas/L3_CH2_Singlet_8q/Formal_EXP/L3_CH2_Singlet_8q_rotosolve_s2_20k/seed11111	9	0.000623	0.000000	0.000000	0.000000	0.050000	9	2	7	4	5	55.56	rotosolve	CNOT(0->4)	RX(q=4) | RX(q=6) | RY(q=0) | CNOT(0->4)	RX(q=4,θ=-3.142) | RX(q=6,θ=+3.142) | RY(q=0,θ=+0.180) | CNOT(0->4)	"[""RX(q=4)"", ""RX(q=6)"", ""RY(q=0)"", ""CNOT(0->4)""]"
19	ep19802_s0	19802	0	1	0.0	4	3	rotosolve	sweeps=2	crlqas__L3_CH2_Singlet_8q__L3_CH2_Singlet_8q_rotosolve_s2_20k__seed11111__ep19802__snap0	/home/ubuntu/NeurIPS2026/PSQASBench/results/crlqas/L3_CH2_Singlet_8q/Formal_EXP/L3_CH2_Singlet_8q_rotosolve_s2_20k/seed11111	6	0.000623	0.000000	0.000000	0.000000	0.050000	6	2	4	4	2	33.33	rotosolve	CNOT(1->5)	RY(q=1) | RY(q=5) | RX(q=7) | CNOT(1->5)	RY(q=1,θ=+0.180) | RY(q=5,θ=-3.142) | RX(q=7,θ=+3.142) | CNOT(1->5)	"[""RY(q=1)"", ""RY(q=5)"", ""RX(q=7)"", ""CNOT(1->5)""]"
20	ep11589_s0	11589	0	1	0.0	4	3	rotosolve	sweeps=2	crlqas__L3_CH2_Singlet_8q__L3_CH2_Singlet_8q_rotosolve_s2_20k__seed11111__ep11589__snap0	/home/ubuntu/NeurIPS2026/PSQASBench/results/crlqas/L3_CH2_Singlet_8q/Formal_EXP/L3_CH2_Singlet_8q_rotosolve_s2_20k/seed11111	6	0.000623	0.000000	0.000000	0.000000	0.050000	6	2	4	4	2	33.33	rotosolve	CNOT(1->5)	RY(q=1) | RY(q=5) | RX(q=7) | CNOT(1->5)	RY(q=1,θ=+0.180) | RY(q=5,θ=-3.142) | RX(q=7,θ=+3.142) | CNOT(1->5)	"[""RY(q=1)"", ""RY(q=5)"", ""RX(q=7)"", ""CNOT(1->5)""]"
21	ep18265_s0	18265	0	1	0.0	4	3	rotosolve	sweeps=2	crlqas__L3_CH2_Singlet_8q__L3_CH2_Singlet_8q_rotosolve_s2_20k__seed11111__ep18265__snap0	/home/ubuntu/NeurIPS2026/PSQASBench/results/crlqas/L3_CH2_Singlet_8q/Formal_EXP/L3_CH2_Singlet_8q_rotosolve_s2_20k/seed11111	6	0.000623	0.000000	0.000000	0.000000	0.050000	6	1	5	4	2	33.33	rotosolve	CNOT(1->5)	RY(q=1) | RY(q=7) | RY(q=5) | CNOT(1->5)	RY(q=1,θ=+0.180) | RY(q=7,θ=+3.142) | RY(q=5,θ=-3.142) | CNOT(1->5)	"[""RY(q=1)"", ""RY(q=7)"", ""RY(q=5)"", ""CNOT(1->5)""]"
22	ep9823_s0	9823	0	1	0.0	4	3	rotosolve	sweeps=2	crlqas__L3_CH2_Singlet_8q__L3_CH2_Singlet_8q_rotosolve_s2_20k__seed11111__ep9823__snap0	/home/ubuntu/NeurIPS2026/PSQASBench/results/crlqas/L3_CH2_Singlet_8q/Formal_EXP/L3_CH2_Singlet_8q_rotosolve_s2_20k/seed11111	4	0.000623	0.000000	0.000000	0.000000	0.050000	4	2	2	4	0	0.00	rotosolve	CNOT(1->5)	RX(q=7) | RY(q=1) | RY(q=5) | CNOT(1->5)	RX(q=7,θ=-3.142) | RY(q=1,θ=+0.180) | RY(q=5,θ=-3.142) | CNOT(1->5)	"[""RX(q=7)"", ""RY(q=1)"", ""RY(q=5)"", ""CNOT(1->5)""]"
23	ep18124_s0	18124	0	1	0.0	4	3	rotosolve	sweeps=2	crlqas__L3_CH2_Singlet_8q__L3_CH2_Singlet_8q_rotosolve_s2_20k__seed11111__ep18124__snap0	/home/ubuntu/NeurIPS2026/PSQASBench/results/crlqas/L3_CH2_Singlet_8q/Formal_EXP/L3_CH2_Singlet_8q_rotosolve_s2_20k/seed11111	5	0.000623	0.000000	0.000000	0.000000	0.050000	5	1	4	4	1	20.00	rotosolve	CNOT(1->5)	RY(q=7) | RY(q=1) | RY(q=5) | CNOT(1->5)	RY(q=7,θ=+3.142) | RY(q=1,θ=+0.180) | RY(q=5,θ=-3.142) | CNOT(1->5)	"[""RY(q=7)"", ""RY(q=1)"", ""RY(q=5)"", ""CNOT(1->5)""]"
24	ep15363_s0	15363	0	1	0.0	4	3	rotosolve	sweeps=2	crlqas__L3_CH2_Singlet_8q__L3_CH2_Singlet_8q_rotosolve_s2_20k__seed11111__ep15363__snap0	/home/ubuntu/NeurIPS2026/PSQASBench/results/crlqas/L3_CH2_Singlet_8q/Formal_EXP/L3_CH2_Singlet_8q_rotosolve_s2_20k/seed11111	10	0.000623	0.000000	0.000000	0.000000	0.050000	10	1	9	4	6	60.00	rotosolve	CNOT(1->5)	RY(q=7) | RY(q=5) | RY(q=1) | CNOT(1->5)	RY(q=7,θ=+3.142) | RY(q=5,θ=-3.142) | RY(q=1,θ=+0.180) | CNOT(1->5)	"[""RY(q=7)"", ""RY(q=5)"", ""RY(q=1)"", ""CNOT(1->5)""]"
25	ep17524_s0	17524	0	1	0.0	4	3	rotosolve	sweeps=2	crlqas__L3_CH2_Singlet_8q__L3_CH2_Singlet_8q_rotosolve_s2_20k__seed11111__ep17524__snap0	/home/ubuntu/NeurIPS2026/PSQASBench/results/crlqas/L3_CH2_Singlet_8q/Formal_EXP/L3_CH2_Singlet_8q_rotosolve_s2_20k/seed11111	6	0.000623	0.000000	0.000000	0.000000	0.050000	6	1	5	4	2	33.33	rotosolve	CNOT(1->5)	RY(q=7) | RY(q=1) | RY(q=5) | CNOT(1->5)	RY(q=7,θ=+3.142) | RY(q=1,θ=+0.180) | RY(q=5,θ=-3.142) | CNOT(1->5)	"[""RY(q=7)"", ""RY(q=1)"", ""RY(q=5)"", ""CNOT(1->5)""]"
26	ep12216_s0	12216	0	1	0.0	4	3	rotosolve	sweeps=2	crlqas__L3_CH2_Singlet_8q__L3_CH2_Singlet_8q_rotosolve_s2_20k__seed11111__ep12216__snap0	/home/ubuntu/NeurIPS2026/PSQASBench/results/crlqas/L3_CH2_Singlet_8q/Formal_EXP/L3_CH2_Singlet_8q_rotosolve_s2_20k/seed11111	6	0.000623	0.000000	0.000000	0.000000	0.050000	6	2	4	4	2	33.33	rotosolve	CNOT(1->5)	RY(q=1) | RY(q=5) | RX(q=7) | CNOT(1->5)	RY(q=1,θ=+0.180) | RY(q=5,θ=-3.142) | RX(q=7,θ=+3.142) | CNOT(1->5)	"[""RY(q=1)"", ""RY(q=5)"", ""RX(q=7)"", ""CNOT(1->5)""]"
27	ep17357_s0	17357	0	1	0.0	4	3	rotosolve	sweeps=2	crlqas__L3_CH2_Singlet_8q__L3_CH2_Singlet_8q_rotosolve_s2_20k__seed11111__ep17357__snap0	/home/ubuntu/NeurIPS2026/PSQASBench/results/crlqas/L3_CH2_Singlet_8q/Formal_EXP/L3_CH2_Singlet_8q_rotosolve_s2_20k/seed11111	9	0.000623	0.000000	0.000000	0.000000	0.050000	9	0	9	4	5	55.56	rotosolve	CNOT(4->1)	RY(q=5) | RY(q=1) | RY(q=7) | CNOT(5->1)	RY(q=5,θ=+2.961) | RY(q=1,θ=+3.142) | RY(q=7,θ=+3.142) | CNOT(5->1)	"[""RY(q=5)"", ""RY(q=1)"", ""RY(q=7)"", ""CNOT(5->1)""]"
28	ep7374_s0	7374	0	1	0.0	4	3	rotosolve	sweeps=2	crlqas__L3_CH2_Singlet_8q__L3_CH2_Singlet_8q_rotosolve_s2_20k__seed11111__ep7374__snap0	/home/ubuntu/NeurIPS2026/PSQASBench/results/crlqas/L3_CH2_Singlet_8q/Formal_EXP/L3_CH2_Singlet_8q_rotosolve_s2_20k/seed11111	9	0.000623	0.000000	0.000000	0.000000	0.050000	9	2	7	4	5	55.56	rotosolve	CNOT(7->0)	RY(q=5) | RY(q=1) | CNOT(1->5) | RX(q=7)	RY(q=5,θ=-3.142) | RY(q=1,θ=+0.180) | CNOT(1->5) | RX(q=7,θ=+3.142)	"[""RY(q=5)"", ""RY(q=1)"", ""CNOT(1->5)"", ""RX(q=7)""]"
29	ep7751_s0	7751	0	1	0.0	4	3	rotosolve	sweeps=2	crlqas__L3_CH2_Singlet_8q__L3_CH2_Singlet_8q_rotosolve_s2_20k__seed11111__ep7751__snap0	/home/ubuntu/NeurIPS2026/PSQASBench/results/crlqas/L3_CH2_Singlet_8q/Formal_EXP/L3_CH2_Singlet_8q_rotosolve_s2_20k/seed11111	6	0.000623	0.000000	0.000000	0.000000	0.050000	6	2	4	4	2	33.33	rotosolve	CNOT(1->5)	RY(q=1) | RY(q=5) | RX(q=7) | CNOT(1->5)	RY(q=1,θ=+0.180) | RY(q=5,θ=-3.142) | RX(q=7,θ=+3.142) | CNOT(1->5)	"[""RY(q=1)"", ""RY(q=5)"", ""RX(q=7)"", ""CNOT(1->5)""]"
30	ep19516_s0	19516	0	1	0.0	4	3	rotosolve	sweeps=2	crlqas__L3_CH2_Singlet_8q__L3_CH2_Singlet_8q_rotosolve_s2_20k__seed11111__ep19516__snap0	/home/ubuntu/NeurIPS2026/PSQASBench/results/crlqas/L3_CH2_Singlet_8q/Formal_EXP/L3_CH2_Singlet_8q_rotosolve_s2_20k/seed11111	5	0.000623	0.000000	0.000000	0.000000	0.050000	5	2	3	4	1	20.00	rotosolve	CNOT(1->5)	RY(q=1) | RX(q=7) | RY(q=5) | CNOT(1->5)	RY(q=1,θ=+0.180) | RX(q=7,θ=+3.142) | RY(q=5,θ=-3.142) | CNOT(1->5)	"[""RY(q=1)"", ""RX(q=7)"", ""RY(q=5)"", ""CNOT(1->5)""]"
31	ep8596_s0	8596	0	1	0.0	4	3	rotosolve	sweeps=2	crlqas__L3_CH2_Singlet_8q__L3_CH2_Singlet_8q_rotosolve_s2_20k__seed11111__ep8596__snap0	/home/ubuntu/NeurIPS2026/PSQASBench/results/crlqas/L3_CH2_Singlet_8q/Formal_EXP/L3_CH2_Singlet_8q_rotosolve_s2_20k/seed11111	6	0.000623	0.000000	0.000000	0.000000	0.050000	6	2	4	4	2	33.33	rotosolve	CNOT(1->5)	RY(q=1) | RY(q=5) | RX(q=7) | CNOT(1->5)	RY(q=1,θ=+0.180) | RY(q=5,θ=-3.142) | RX(q=7,θ=+3.142) | CNOT(1->5)	"[""RY(q=1)"", ""RY(q=5)"", ""RX(q=7)"", ""CNOT(1->5)""]"
32	ep16735_s0	16735	0	1	0.0	4	3	rotosolve	sweeps=2	crlqas__L3_CH2_Singlet_8q__L3_CH2_Singlet_8q_rotosolve_s2_20k__seed11111__ep16735__snap0	/home/ubuntu/NeurIPS2026/PSQASBench/results/crlqas/L3_CH2_Singlet_8q/Formal_EXP/L3_CH2_Singlet_8q_rotosolve_s2_20k/seed11111	7	0.000623	0.000000	0.000000	0.000000	0.050000	7	1	6	4	3	42.86	rotosolve	CNOT(1->5)	RY(q=5) | RY(q=1) | RY(q=7) | CNOT(1->5)	RY(q=5,θ=-3.142) | RY(q=1,θ=+0.180) | RY(q=7,θ=+3.142) | CNOT(1->5)	"[""RY(q=5)"", ""RY(q=1)"", ""RY(q=7)"", ""CNOT(1->5)""]"
33	ep18010_s0	18010	0	1	0.0	4	3	rotosolve	sweeps=2	crlqas__L3_CH2_Singlet_8q__L3_CH2_Singlet_8q_rotosolve_s2_20k__seed11111__ep18010__snap0	/home/ubuntu/NeurIPS2026/PSQASBench/results/crlqas/L3_CH2_Singlet_8q/Formal_EXP/L3_CH2_Singlet_8q_rotosolve_s2_20k/seed11111	6	0.000623	0.000000	0.000000	0.000000	0.050000	6	2	4	4	2	33.33	rotosolve	CNOT(1->5)	RY(q=1) | RY(q=5) | RX(q=7) | CNOT(1->5)	RY(q=1,θ=+0.180) | RY(q=5,θ=-3.142) | RX(q=7,θ=+3.142) | CNOT(1->5)	"[""RY(q=1)"", ""RY(q=5)"", ""RX(q=7)"", ""CNOT(1->5)""]"
34	ep14570_s0	14570	0	0	0.0	4	3	rotosolve	sweeps=2	crlqas__L3_CH2_Singlet_8q__L3_CH2_Singlet_8q_rotosolve_s2_20k__seed11111__ep14570__snap0	/home/ubuntu/NeurIPS2026/PSQASBench/results/crlqas/L3_CH2_Singlet_8q/Formal_EXP/L3_CH2_Singlet_8q_rotosolve_s2_20k/seed11111	5	0.000623	0.000000	0.000000	0.000000	0.050000	5	1	4	4	1	20.00	rotosolve	CNOT(0->4)	RX(q=6) | RY(q=0) | RY(q=4) | CNOT(0->4)	RX(q=6,θ=+3.142) | RY(q=0,θ=+0.180) | RY(q=4,θ=-3.142) | CNOT(0->4)	"[""RX(q=6)"", ""RY(q=0)"", ""RY(q=4)"", ""CNOT(0->4)""]"
35	ep10157_s0	10157	0	0	0.0	4	3	rotosolve	sweeps=2	crlqas__L3_CH2_Singlet_8q__L3_CH2_Singlet_8q_rotosolve_s2_20k__seed11111__ep10157__snap0	/home/ubuntu/NeurIPS2026/PSQASBench/results/crlqas/L3_CH2_Singlet_8q/Formal_EXP/L3_CH2_Singlet_8q_rotosolve_s2_20k/seed11111	5	0.000623	0.000000	0.000000	0.000000	0.050000	5	1	4	4	1	20.00	rotosolve	CNOT(0->4)	RX(q=6) | RY(q=0) | RY(q=4) | CNOT(0->4)	RX(q=6,θ=+3.142) | RY(q=0,θ=+0.180) | RY(q=4,θ=-3.142) | CNOT(0->4)	"[""RX(q=6)"", ""RY(q=0)"", ""RY(q=4)"", ""CNOT(0->4)""]"
36	ep7028_s0	7028	0	0	0.0	4	3	rotosolve	sweeps=2	crlqas__L3_CH2_Singlet_8q__L3_CH2_Singlet_8q_rotosolve_s2_20k__seed11111__ep7028__snap0	/home/ubuntu/NeurIPS2026/PSQASBench/results/crlqas/L3_CH2_Singlet_8q/Formal_EXP/L3_CH2_Singlet_8q_rotosolve_s2_20k/seed11111	7	0.000623	0.000000	0.000000	0.000000	0.050000	7	1	6	4	3	42.86	rotosolve	CNOT(0->4)	RX(q=6) | RY(q=0) | RY(q=4) | CNOT(0->4)	RX(q=6,θ=+3.142) | RY(q=0,θ=+0.180) | RY(q=4,θ=-3.142) | CNOT(0->4)	"[""RX(q=6)"", ""RY(q=0)"", ""RY(q=4)"", ""CNOT(0->4)""]"
37	ep9339_s0	9339	0	1	0.0	4	3	rotosolve	sweeps=2	crlqas__L3_CH2_Singlet_8q__L3_CH2_Singlet_8q_rotosolve_s2_20k__seed11111__ep9339__snap0	/home/ubuntu/NeurIPS2026/PSQASBench/results/crlqas/L3_CH2_Singlet_8q/Formal_EXP/L3_CH2_Singlet_8q_rotosolve_s2_20k/seed11111	6	0.000623	0.000000	0.000000	0.000000	0.050000	6	2	4	4	2	33.33	rotosolve	CNOT(1->5)	RY(q=1) | RY(q=5) | RX(q=7) | CNOT(1->5)	RY(q=1,θ=+0.180) | RY(q=5,θ=-3.142) | RX(q=7,θ=+3.142) | CNOT(1->5)	"[""RY(q=1)"", ""RY(q=5)"", ""RX(q=7)"", ""CNOT(1->5)""]"
38	ep16051_s0	16051	0	0	0.0	4	3	rotosolve	sweeps=2	crlqas__L3_CH2_Singlet_8q__L3_CH2_Singlet_8q_rotosolve_s2_20k__seed11111__ep16051__snap0	/home/ubuntu/NeurIPS2026/PSQASBench/results/crlqas/L3_CH2_Singlet_8q/Formal_EXP/L3_CH2_Singlet_8q_rotosolve_s2_20k/seed11111	6	0.000623	0.000000	0.000000	0.000000	0.050000	6	1	5	4	2	33.33	rotosolve	CNOT(0->4)	RY(q=4) | RX(q=6) | RY(q=0) | CNOT(0->4)	RY(q=4,θ=-3.142) | RX(q=6,θ=+3.142) | RY(q=0,θ=+0.180) | CNOT(0->4)	"[""RY(q=4)"", ""RX(q=6)"", ""RY(q=0)"", ""CNOT(0->4)""]"
39	ep15100_s0	15100	0	0	0.0	4	3	rotosolve	sweeps=2	crlqas__L3_CH2_Singlet_8q__L3_CH2_Singlet_8q_rotosolve_s2_20k__seed11111__ep15100__snap0	/home/ubuntu/NeurIPS2026/PSQASBench/results/crlqas/L3_CH2_Singlet_8q/Formal_EXP/L3_CH2_Singlet_8q_rotosolve_s2_20k/seed11111	5	0.000623	0.000000	0.000000	0.000000	0.050000	5	1	4	4	1	20.00	rotosolve	CNOT(0->4)	RX(q=6) | RY(q=0) | RY(q=4) | CNOT(0->4)	RX(q=6,θ=+3.142) | RY(q=0,θ=+0.180) | RY(q=4,θ=-3.142) | CNOT(0->4)	"[""RX(q=6)"", ""RY(q=0)"", ""RY(q=4)"", ""CNOT(0->4)""]"
40	ep19498_s0	19498	0	1	0.0	4	3	rotosolve	sweeps=2	crlqas__L3_CH2_Singlet_8q__L3_CH2_Singlet_8q_rotosolve_s2_20k__seed11111__ep19498__snap0	/home/ubuntu/NeurIPS2026/PSQASBench/results/crlqas/L3_CH2_Singlet_8q/Formal_EXP/L3_CH2_Singlet_8q_rotosolve_s2_20k/seed11111	5	0.000623	0.000000	0.000000	0.000000	0.050000	5	2	3	4	1	20.00	rotosolve	CNOT(1->5)	RX(q=7) | RY(q=1) | RY(q=5) | CNOT(1->5)	RX(q=7,θ=+3.142) | RY(q=1,θ=+0.180) | RY(q=5,θ=-3.142) | CNOT(1->5)	"[""RX(q=7)"", ""RY(q=1)"", ""RY(q=5)"", ""CNOT(1->5)""]"
41	ep15635_s0	15635	0	1	0.0	4	2	rotosolve	sweeps=2	crlqas__L3_CH2_Singlet_8q__L3_CH2_Singlet_8q_rotosolve_s2_20k__seed11111__ep15635__snap0	/home/ubuntu/NeurIPS2026/PSQASBench/results/crlqas/L3_CH2_Singlet_8q/Formal_EXP/L3_CH2_Singlet_8q_rotosolve_s2_20k/seed11111	5	0.000623	0.000000	0.000000	0.000000	0.050000	5	1	4	4	1	20.00	rotosolve	CNOT(1->5)	RY(q=1) | RY(q=5) | CNOT(5->7) | CNOT(1->5)	RY(q=1,θ=+0.180) | RY(q=5,θ=-3.142) | CNOT(5->7) | CNOT(1->5)	"[""RY(q=1)"", ""RY(q=5)"", ""CNOT(5->7)"", ""CNOT(1->5)""]"
42	ep9375_s0	9375	0	1	0.0	4	3	rotosolve	sweeps=2	crlqas__L3_CH2_Singlet_8q__L3_CH2_Singlet_8q_rotosolve_s2_20k__seed11111__ep9375__snap0	/home/ubuntu/NeurIPS2026/PSQASBench/results/crlqas/L3_CH2_Singlet_8q/Formal_EXP/L3_CH2_Singlet_8q_rotosolve_s2_20k/seed11111	7	0.000623	0.000000	0.000000	0.000000	0.050000	7	2	5	4	3	42.86	rotosolve	CNOT(1->5)	RY(q=1) | RY(q=5) | RX(q=7) | CNOT(1->5)	RY(q=1,θ=+0.180) | RY(q=5,θ=-3.142) | RX(q=7,θ=+3.142) | CNOT(1->5)	"[""RY(q=1)"", ""RY(q=5)"", ""RX(q=7)"", ""CNOT(1->5)""]"
43	ep14687_s0	14687	0	0	0.0	4	3	rotosolve	sweeps=2	crlqas__L3_CH2_Singlet_8q__L3_CH2_Singlet_8q_rotosolve_s2_20k__seed11111__ep14687__snap0	/home/ubuntu/NeurIPS2026/PSQASBench/results/crlqas/L3_CH2_Singlet_8q/Formal_EXP/L3_CH2_Singlet_8q_rotosolve_s2_20k/seed11111	5	0.000623	0.000000	0.000000	0.000000	0.050000	5	1	4	4	1	20.00	rotosolve	CNOT(0->4)	RX(q=4) | RX(q=6) | RY(q=0) | CNOT(0->4)	RX(q=4,θ=-3.142) | RX(q=6,θ=+3.142) | RY(q=0,θ=+0.180) | CNOT(0->4)	"[""RX(q=4)"", ""RX(q=6)"", ""RY(q=0)"", ""CNOT(0->4)""]"
44	ep11662_s0	11662	0	1	0.0	4	3	rotosolve	sweeps=2	crlqas__L3_CH2_Singlet_8q__L3_CH2_Singlet_8q_rotosolve_s2_20k__seed11111__ep11662__snap0	/home/ubuntu/NeurIPS2026/PSQASBench/results/crlqas/L3_CH2_Singlet_8q/Formal_EXP/L3_CH2_Singlet_8q_rotosolve_s2_20k/seed11111	7	0.000623	0.000000	0.000000	0.000000	0.050000	7	1	6	4	3	42.86	rotosolve	CNOT(1->5)	RY(q=5) | RY(q=1) | RY(q=7) | CNOT(1->5)	RY(q=5,θ=-3.142) | RY(q=1,θ=+0.180) | RY(q=7,θ=+3.142) | CNOT(1->5)	"[""RY(q=5)"", ""RY(q=1)"", ""RY(q=7)"", ""CNOT(1->5)""]"
45	ep238_s0	238	0	1	0.0	8	4	rotosolve	sweeps=2	crlqas__L3_CH2_Singlet_8q__L3_CH2_Singlet_8q_rotosolve_s2_20k__seed11111__ep238__snap0	/home/ubuntu/NeurIPS2026/PSQASBench/results/crlqas/L3_CH2_Singlet_8q/Formal_EXP/L3_CH2_Singlet_8q_rotosolve_s2_20k/seed11111	43	0.000623	0.000000	0.000000	0.000000	0.050000	43	3	40	8	35	81.40	rotosolve	RY(q=4)	RY(q=0) | CNOT(1->4) | RY(q=4) | RY(q=1) | CNOT(4->5) | CNOT(4->7) | CNOT(1->5) | RY(q=4)	RY(q=0,θ=-0.000) | CNOT(1->4) | RY(q=4,θ=+3.142) | RY(q=1,θ=+0.180) | CNOT(4->5) | CNOT(4->7) | CNOT(1->5) | RY(q=4,θ=-3.142)	"[""RY(q=0)"", ""CNOT(1->4)"", ""RY(q=4)"", ""RY(q=1)"", ""CNOT(4->5)"", ""CNOT(4->7)"", ""CNOT(1->5)"", ""RY(q=4)""]"
46	ep7182_s0	7182	0	0	0.0	4	2	rotosolve	sweeps=2	crlqas__L3_CH2_Singlet_8q__L3_CH2_Singlet_8q_rotosolve_s2_20k__seed11111__ep7182__snap0	/home/ubuntu/NeurIPS2026/PSQASBench/results/crlqas/L3_CH2_Singlet_8q/Formal_EXP/L3_CH2_Singlet_8q_rotosolve_s2_20k/seed11111	9	0.000623	0.000000	0.000000	0.000000	0.050000	9	1	8	4	5	55.56	rotosolve	CNOT(6->4)	RX(q=6) | RY(q=0) | CNOT(0->4) | CNOT(6->4)	RX(q=6,θ=-3.142) | RY(q=0,θ=+0.180) | CNOT(0->4) | CNOT(6->4)	"[""RX(q=6)"", ""RY(q=0)"", ""CNOT(0->4)"", ""CNOT(6->4)""]"
47	ep18556_s0	18556	0	1	0.0	4	3	rotosolve	sweeps=2	crlqas__L3_CH2_Singlet_8q__L3_CH2_Singlet_8q_rotosolve_s2_20k__seed11111__ep18556__snap0	/home/ubuntu/NeurIPS2026/PSQASBench/results/crlqas/L3_CH2_Singlet_8q/Formal_EXP/L3_CH2_Singlet_8q_rotosolve_s2_20k/seed11111	6	0.000623	0.000000	0.000000	0.000000	0.050000	6	1	5	4	2	33.33	rotosolve	CNOT(1->5)	RY(q=7) | RY(q=1) | RY(q=5) | CNOT(1->5)	RY(q=7,θ=+3.142) | RY(q=1,θ=+0.180) | RY(q=5,θ=-3.142) | CNOT(1->5)	"[""RY(q=7)"", ""RY(q=1)"", ""RY(q=5)"", ""CNOT(1->5)""]"
48	ep6318_s0	6318	0	0	0.0	4	3	rotosolve	sweeps=2	crlqas__L3_CH2_Singlet_8q__L3_CH2_Singlet_8q_rotosolve_s2_20k__seed11111__ep6318__snap0	/home/ubuntu/NeurIPS2026/PSQASBench/results/crlqas/L3_CH2_Singlet_8q/Formal_EXP/L3_CH2_Singlet_8q_rotosolve_s2_20k/seed11111	6	0.000623	0.000000	0.000000	0.000000	0.050000	6	1	5	4	2	33.33	rotosolve	CNOT(0->4)	RY(q=4) | RY(q=0) | RX(q=6) | CNOT(0->4)	RY(q=4,θ=-3.142) | RY(q=0,θ=+0.180) | RX(q=6,θ=+3.142) | CNOT(0->4)	"[""RY(q=4)"", ""RY(q=0)"", ""RX(q=6)"", ""CNOT(0->4)""]"
49	ep10825_s0	10825	0	1	0.0	4	3	rotosolve	sweeps=2	crlqas__L3_CH2_Singlet_8q__L3_CH2_Singlet_8q_rotosolve_s2_20k__seed11111__ep10825__snap0	/home/ubuntu/NeurIPS2026/PSQASBench/results/crlqas/L3_CH2_Singlet_8q/Formal_EXP/L3_CH2_Singlet_8q_rotosolve_s2_20k/seed11111	5	0.000623	0.000000	0.000000	0.000000	0.050000	5	1	4	4	1	20.00	rotosolve	RX(q=7)	RY(q=1) | RY(q=5) | CNOT(5->1) | RX(q=7)	RY(q=1,θ=+3.142) | RY(q=5,θ=+2.961) | CNOT(5->1) | RX(q=7,θ=+3.142)	"[""RY(q=1)"", ""RY(q=5)"", ""CNOT(5->1)"", ""RX(q=7)""]"
50	ep11157_s0	11157	0	1	0.0	4	3	rotosolve	sweeps=2	crlqas__L3_CH2_Singlet_8q__L3_CH2_Singlet_8q_rotosolve_s2_20k__seed11111__ep11157__snap0	/home/ubuntu/NeurIPS2026/PSQASBench/results/crlqas/L3_CH2_Singlet_8q/Formal_EXP/L3_CH2_Singlet_8q_rotosolve_s2_20k/seed11111	9	0.000623	0.000000	0.000000	0.000000	0.050000	9	2	7	4	5	55.56	rotosolve	CNOT(1->5)	RY(q=5) | RY(q=1) | RX(q=7) | CNOT(1->5)	RY(q=5,θ=-3.142) | RY(q=1,θ=+0.180) | RX(q=7,θ=+3.142) | CNOT(1->5)	"[""RY(q=5)"", ""RY(q=1)"", ""RX(q=7)"", ""CNOT(1->5)""]"
51	ep19832_s0	19832	0	1	0.0	4	3	rotosolve	sweeps=2	crlqas__L3_CH2_Singlet_8q__L3_CH2_Singlet_8q_rotosolve_s2_20k__seed11111__ep19832__snap0	/home/ubuntu/NeurIPS2026/PSQASBench/results/crlqas/L3_CH2_Singlet_8q/Formal_EXP/L3_CH2_Singlet_8q_rotosolve_s2_20k/seed11111	8	0.000623	0.000000	0.000000	0.000000	0.050000	8	2	6	4	4	50.00	rotosolve	CNOT(1->5)	RY(q=1) | RX(q=7) | RY(q=5) | CNOT(1->5)	RY(q=1,θ=+0.180) | RX(q=7,θ=+3.142) | RY(q=5,θ=-3.142) | CNOT(1->5)	"[""RY(q=1)"", ""RX(q=7)"", ""RY(q=5)"", ""CNOT(1->5)""]"
52	ep17468_s0	17468	0	1	0.0	4	3	rotosolve	sweeps=2	crlqas__L3_CH2_Singlet_8q__L3_CH2_Singlet_8q_rotosolve_s2_20k__seed11111__ep17468__snap0	/home/ubuntu/NeurIPS2026/PSQASBench/results/crlqas/L3_CH2_Singlet_8q/Formal_EXP/L3_CH2_Singlet_8q_rotosolve_s2_20k/seed11111	7	0.000623	0.000000	0.000000	0.000000	0.050000	7	1	6	4	3	42.86	rotosolve	CNOT(1->5)	RY(q=5) | RY(q=1) | RY(q=7) | CNOT(1->5)	RY(q=5,θ=-3.142) | RY(q=1,θ=+0.180) | RY(q=7,θ=+3.142) | CNOT(1->5)	"[""RY(q=5)"", ""RY(q=1)"", ""RY(q=7)"", ""CNOT(1->5)""]"
53	ep8689_s0	8689	0	1	0.0	4	3	rotosolve	sweeps=2	crlqas__L3_CH2_Singlet_8q__L3_CH2_Singlet_8q_rotosolve_s2_20k__seed11111__ep8689__snap0	/home/ubuntu/NeurIPS2026/PSQASBench/results/crlqas/L3_CH2_Singlet_8q/Formal_EXP/L3_CH2_Singlet_8q_rotosolve_s2_20k/seed11111	7	0.000623	0.000000	0.000000	0.000000	0.050000	7	2	5	4	3	42.86	rotosolve	CNOT(1->5)	RY(q=5) | RY(q=1) | RX(q=7) | CNOT(1->5)	RY(q=5,θ=-3.142) | RY(q=1,θ=+0.180) | RX(q=7,θ=+3.142) | CNOT(1->5)	"[""RY(q=5)"", ""RY(q=1)"", ""RX(q=7)"", ""CNOT(1->5)""]"
54	ep12140_s0	12140	0	1	0.0	4	3	rotosolve	sweeps=2	crlqas__L3_CH2_Singlet_8q__L3_CH2_Singlet_8q_rotosolve_s2_20k__seed11111__ep12140__snap0	/home/ubuntu/NeurIPS2026/PSQASBench/results/crlqas/L3_CH2_Singlet_8q/Formal_EXP/L3_CH2_Singlet_8q_rotosolve_s2_20k/seed11111	5	0.000623	0.000000	0.000000	0.000000	0.050000	5	1	4	4	1	20.00	rotosolve	CNOT(1->5)	RY(q=7) | RY(q=1) | RY(q=5) | CNOT(1->5)	RY(q=7,θ=+3.142) | RY(q=1,θ=+0.180) | RY(q=5,θ=-3.142) | CNOT(1->5)	"[""RY(q=7)"", ""RY(q=1)"", ""RY(q=5)"", ""CNOT(1->5)""]"
55	ep14438_s0	14438	0	1	0.0	4	3	rotosolve	sweeps=2	crlqas__L3_CH2_Singlet_8q__L3_CH2_Singlet_8q_rotosolve_s2_20k__seed11111__ep14438__snap0	/home/ubuntu/NeurIPS2026/PSQASBench/results/crlqas/L3_CH2_Singlet_8q/Formal_EXP/L3_CH2_Singlet_8q_rotosolve_s2_20k/seed11111	6	0.000623	0.000000	0.000000	0.000000	0.050000	6	2	4	4	2	33.33	rotosolve	CNOT(1->5)	RY(q=1) | RY(q=5) | RX(q=7) | CNOT(1->5)	RY(q=1,θ=+0.180) | RY(q=5,θ=-3.142) | RX(q=7,θ=+3.142) | CNOT(1->5)	"[""RY(q=1)"", ""RY(q=5)"", ""RX(q=7)"", ""CNOT(1->5)""]"
56	ep17062_s0	17062	0	1	0.0	4	3	rotosolve	sweeps=2	crlqas__L3_CH2_Singlet_8q__L3_CH2_Singlet_8q_rotosolve_s2_20k__seed11111__ep17062__snap0	/home/ubuntu/NeurIPS2026/PSQASBench/results/crlqas/L3_CH2_Singlet_8q/Formal_EXP/L3_CH2_Singlet_8q_rotosolve_s2_20k/seed11111	6	0.000623	0.000000	0.000000	0.000000	0.050000	6	1	5	4	2	33.33	rotosolve	CNOT(1->5)	RY(q=7) | RY(q=1) | RY(q=5) | CNOT(1->5)	RY(q=7,θ=+3.142) | RY(q=1,θ=+0.180) | RY(q=5,θ=-3.142) | CNOT(1->5)	"[""RY(q=7)"", ""RY(q=1)"", ""RY(q=5)"", ""CNOT(1->5)""]"
57	ep18630_s0	18630	0	1	0.0	4	3	rotosolve	sweeps=2	crlqas__L3_CH2_Singlet_8q__L3_CH2_Singlet_8q_rotosolve_s2_20k__seed11111__ep18630__snap0	/home/ubuntu/NeurIPS2026/PSQASBench/results/crlqas/L3_CH2_Singlet_8q/Formal_EXP/L3_CH2_Singlet_8q_rotosolve_s2_20k/seed11111	6	0.000623	0.000000	0.000000	0.000000	0.050000	6	1	5	4	2	33.33	rotosolve	CNOT(1->5)	RY(q=1) | RY(q=5) | RY(q=7) | CNOT(1->5)	RY(q=1,θ=+0.180) | RY(q=5,θ=-3.142) | RY(q=7,θ=+3.142) | CNOT(1->5)	"[""RY(q=1)"", ""RY(q=5)"", ""RY(q=7)"", ""CNOT(1->5)""]"
58	ep17891_s0	17891	0	1	0.0	4	2	rotosolve	sweeps=2	crlqas__L3_CH2_Singlet_8q__L3_CH2_Singlet_8q_rotosolve_s2_20k__seed11111__ep17891__snap0	/home/ubuntu/NeurIPS2026/PSQASBench/results/crlqas/L3_CH2_Singlet_8q/Formal_EXP/L3_CH2_Singlet_8q_rotosolve_s2_20k/seed11111	6	0.000623	0.000000	0.000000	0.000000	0.050000	6	1	5	4	2	33.33	rotosolve	CNOT(1->5)	RY(q=1) | RY(q=5) | CNOT(5->7) | CNOT(1->5)	RY(q=1,θ=+0.180) | RY(q=5,θ=-3.142) | CNOT(5->7) | CNOT(1->5)	"[""RY(q=1)"", ""RY(q=5)"", ""CNOT(5->7)"", ""CNOT(1->5)""]"
59	ep10177_s0	10177	0	1	0.0	4	3	rotosolve	sweeps=2	crlqas__L3_CH2_Singlet_8q__L3_CH2_Singlet_8q_rotosolve_s2_20k__seed11111__ep10177__snap0	/home/ubuntu/NeurIPS2026/PSQASBench/results/crlqas/L3_CH2_Singlet_8q/Formal_EXP/L3_CH2_Singlet_8q_rotosolve_s2_20k/seed11111	5	0.000623	0.000000	0.000000	0.000000	0.050000	5	2	3	4	1	20.00	rotosolve	CNOT(1->5)	RY(q=1) | RY(q=5) | RX(q=7) | CNOT(1->5)	RY(q=1,θ=+0.180) | RY(q=5,θ=-3.142) | RX(q=7,θ=+3.142) | CNOT(1->5)	"[""RY(q=1)"", ""RY(q=5)"", ""RX(q=7)"", ""CNOT(1->5)""]"
60	ep17195_s0	17195	0	1	0.0	4	3	rotosolve	sweeps=2	crlqas__L3_CH2_Singlet_8q__L3_CH2_Singlet_8q_rotosolve_s2_20k__seed11111__ep17195__snap0	/home/ubuntu/NeurIPS2026/PSQASBench/results/crlqas/L3_CH2_Singlet_8q/Formal_EXP/L3_CH2_Singlet_8q_rotosolve_s2_20k/seed11111	6	0.000623	0.000000	0.000000	0.000000	0.050000	6	1	5	4	2	33.33	rotosolve	CNOT(1->5)	RY(q=1) | RY(q=7) | RY(q=5) | CNOT(1->5)	RY(q=1,θ=+0.180) | RY(q=7,θ=+3.142) | RY(q=5,θ=-3.142) | CNOT(1->5)	"[""RY(q=1)"", ""RY(q=7)"", ""RY(q=5)"", ""CNOT(1->5)""]"
61	ep8316_s0	8316	0	1	0.0	4	3	rotosolve	sweeps=2	crlqas__L3_CH2_Singlet_8q__L3_CH2_Singlet_8q_rotosolve_s2_20k__seed11111__ep8316__snap0	/home/ubuntu/NeurIPS2026/PSQASBench/results/crlqas/L3_CH2_Singlet_8q/Formal_EXP/L3_CH2_Singlet_8q_rotosolve_s2_20k/seed11111	5	0.000623	0.000000	0.000000	0.000000	0.050000	5	2	3	4	1	20.00	rotosolve	CNOT(1->5)	RY(q=1) | RY(q=5) | RX(q=7) | CNOT(1->5)	RY(q=1,θ=+0.180) | RY(q=5,θ=-3.142) | RX(q=7,θ=+3.142) | CNOT(1->5)	"[""RY(q=1)"", ""RY(q=5)"", ""RX(q=7)"", ""CNOT(1->5)""]"
62	ep18355_s0	18355	0	1	0.0	4	3	rotosolve	sweeps=2	crlqas__L3_CH2_Singlet_8q__L3_CH2_Singlet_8q_rotosolve_s2_20k__seed11111__ep18355__snap0	/home/ubuntu/NeurIPS2026/PSQASBench/results/crlqas/L3_CH2_Singlet_8q/Formal_EXP/L3_CH2_Singlet_8q_rotosolve_s2_20k/seed11111	7	0.000623	0.000000	0.000000	0.000000	0.050000	7	1	6	4	3	42.86	rotosolve	CNOT(1->5)	RY(q=1) | RY(q=7) | RY(q=5) | CNOT(1->5)	RY(q=1,θ=+0.180) | RY(q=7,θ=+3.142) | RY(q=5,θ=-3.142) | CNOT(1->5)	"[""RY(q=1)"", ""RY(q=7)"", ""RY(q=5)"", ""CNOT(1->5)""]"
63	ep9260_s0	9260	0	1	0.0	4	3	rotosolve	sweeps=2	crlqas__L3_CH2_Singlet_8q__L3_CH2_Singlet_8q_rotosolve_s2_20k__seed11111__ep9260__snap0	/home/ubuntu/NeurIPS2026/PSQASBench/results/crlqas/L3_CH2_Singlet_8q/Formal_EXP/L3_CH2_Singlet_8q_rotosolve_s2_20k/seed11111	7	0.000623	0.000000	0.000000	0.000000	0.050000	7	2	5	4	3	42.86	rotosolve	CNOT(1->5)	RY(q=1) | RY(q=5) | RX(q=7) | CNOT(1->5)	RY(q=1,θ=+0.180) | RY(q=5,θ=-3.142) | RX(q=7,θ=+3.142) | CNOT(1->5)	"[""RY(q=1)"", ""RY(q=5)"", ""RX(q=7)"", ""CNOT(1->5)""]"
64	ep16597_s0	16597	0	1	0.0	4	3	rotosolve	sweeps=2	crlqas__L3_CH2_Singlet_8q__L3_CH2_Singlet_8q_rotosolve_s2_20k__seed11111__ep16597__snap0	/home/ubuntu/NeurIPS2026/PSQASBench/results/crlqas/L3_CH2_Singlet_8q/Formal_EXP/L3_CH2_Singlet_8q_rotosolve_s2_20k/seed11111	6	0.000623	0.000000	0.000000	0.000000	0.050000	6	2	4	4	2	33.33	rotosolve	CNOT(1->5)	RY(q=1) | RY(q=5) | RX(q=7) | CNOT(1->5)	RY(q=1,θ=+0.180) | RY(q=5,θ=-3.142) | RX(q=7,θ=+3.142) | CNOT(1->5)	"[""RY(q=1)"", ""RY(q=5)"", ""RX(q=7)"", ""CNOT(1->5)""]"
65	ep10414_s0	10414	0	0	0.0	4	3	rotosolve	sweeps=2	crlqas__L3_CH2_Singlet_8q__L3_CH2_Singlet_8q_rotosolve_s2_20k__seed11111__ep10414__snap0	/home/ubuntu/NeurIPS2026/PSQASBench/results/crlqas/L3_CH2_Singlet_8q/Formal_EXP/L3_CH2_Singlet_8q_rotosolve_s2_20k/seed11111	8	0.000623	0.000000	0.000000	0.000000	0.050000	8	2	6	4	4	50.00	rotosolve	CNOT(0->4)	RY(q=4) | RY(q=0) | RX(q=6) | CNOT(0->4)	RY(q=4,θ=-3.142) | RY(q=0,θ=+0.180) | RX(q=6,θ=+3.142) | CNOT(0->4)	"[""RY(q=4)"", ""RY(q=0)"", ""RX(q=6)"", ""CNOT(0->4)""]"
66	ep9997_s0	9997	0	1	0.0	4	3	rotosolve	sweeps=2	crlqas__L3_CH2_Singlet_8q__L3_CH2_Singlet_8q_rotosolve_s2_20k__seed11111__ep9997__snap0	/home/ubuntu/NeurIPS2026/PSQASBench/results/crlqas/L3_CH2_Singlet_8q/Formal_EXP/L3_CH2_Singlet_8q_rotosolve_s2_20k/seed11111	7	0.000623	0.000000	0.000000	0.000000	0.050000	7	2	5	4	3	42.86	rotosolve	CNOT(1->5)	RY(q=1) | RY(q=5) | RX(q=7) | CNOT(1->5)	RY(q=1,θ=+0.180) | RY(q=5,θ=-3.142) | RX(q=7,θ=+3.142) | CNOT(1->5)	"[""RY(q=1)"", ""RY(q=5)"", ""RX(q=7)"", ""CNOT(1->5)""]"
67	ep12218_s0	12218	0	1	0.0	4	3	rotosolve	sweeps=2	crlqas__L3_CH2_Singlet_8q__L3_CH2_Singlet_8q_rotosolve_s2_20k__seed11111__ep12218__snap0	/home/ubuntu/NeurIPS2026/PSQASBench/results/crlqas/L3_CH2_Singlet_8q/Formal_EXP/L3_CH2_Singlet_8q_rotosolve_s2_20k/seed11111	4	0.000623	0.000000	0.000000	0.000000	0.050000	4	1	3	4	0	0.00	rotosolve	CNOT(1->5)	RX(q=5) | RY(q=7) | RY(q=1) | CNOT(1->5)	RX(q=5,θ=-3.142) | RY(q=7,θ=+3.142) | RY(q=1,θ=+0.180) | CNOT(1->5)	"[""RX(q=5)"", ""RY(q=7)"", ""RY(q=1)"", ""CNOT(1->5)""]"
68	ep11024_s0	11024	0	1	0.0	4	3	rotosolve	sweeps=2	crlqas__L3_CH2_Singlet_8q__L3_CH2_Singlet_8q_rotosolve_s2_20k__seed11111__ep11024__snap0	/home/ubuntu/NeurIPS2026/PSQASBench/results/crlqas/L3_CH2_Singlet_8q/Formal_EXP/L3_CH2_Singlet_8q_rotosolve_s2_20k/seed11111	5	0.000623	0.000000	0.000000	0.000000	0.050000	5	0	5	4	1	20.00	rotosolve	RY(q=7)	RY(q=5) | RY(q=1) | CNOT(5->1) | RY(q=7)	RY(q=5,θ=+2.961) | RY(q=1,θ=+3.142) | CNOT(5->1) | RY(q=7,θ=+3.142)	"[""RY(q=5)"", ""RY(q=1)"", ""CNOT(5->1)"", ""RY(q=7)""]"
69	ep2199_s0	2199	0	0	0.0	4	3	rotosolve	sweeps=2	crlqas__L3_CH2_Singlet_8q__L3_CH2_Singlet_8q_rotosolve_s2_20k__seed11111__ep2199__snap0	/home/ubuntu/NeurIPS2026/PSQASBench/results/crlqas/L3_CH2_Singlet_8q/Formal_EXP/L3_CH2_Singlet_8q_rotosolve_s2_20k/seed11111	8	0.000623	0.000000	0.000000	0.000000	0.050000	8	1	7	4	4	50.00	rotosolve	CNOT(0->4)	RY(q=4) | RY(q=0) | RY(q=6) | CNOT(0->4)	RY(q=4,θ=-3.142) | RY(q=0,θ=+0.180) | RY(q=6,θ=+3.142) | CNOT(0->4)	"[""RY(q=4)"", ""RY(q=0)"", ""RY(q=6)"", ""CNOT(0->4)""]"
70	ep8360_s0	8360	0	1	0.0	4	3	rotosolve	sweeps=2	crlqas__L3_CH2_Singlet_8q__L3_CH2_Singlet_8q_rotosolve_s2_20k__seed11111__ep8360__snap0	/home/ubuntu/NeurIPS2026/PSQASBench/results/crlqas/L3_CH2_Singlet_8q/Formal_EXP/L3_CH2_Singlet_8q_rotosolve_s2_20k/seed11111	9	0.000623	0.000000	0.000000	0.000000	0.050000	9	2	7	4	5	55.56	rotosolve	CNOT(1->5)	RY(q=1) | RY(q=5) | RX(q=7) | CNOT(1->5)	RY(q=1,θ=+0.180) | RY(q=5,θ=-3.142) | RX(q=7,θ=+3.142) | CNOT(1->5)	"[""RY(q=1)"", ""RY(q=5)"", ""RX(q=7)"", ""CNOT(1->5)""]"
71	ep17692_s0	17692	0	1	0.0	4	3	rotosolve	sweeps=2	crlqas__L3_CH2_Singlet_8q__L3_CH2_Singlet_8q_rotosolve_s2_20k__seed11111__ep17692__snap0	/home/ubuntu/NeurIPS2026/PSQASBench/results/crlqas/L3_CH2_Singlet_8q/Formal_EXP/L3_CH2_Singlet_8q_rotosolve_s2_20k/seed11111	5	0.000623	0.000000	0.000000	0.000000	0.050000	5	2	3	4	1	20.00	rotosolve	CNOT(1->5)	RY(q=1) | RY(q=5) | RX(q=7) | CNOT(1->5)	RY(q=1,θ=+0.180) | RY(q=5,θ=-3.142) | RX(q=7,θ=+3.142) | CNOT(1->5)	"[""RY(q=1)"", ""RY(q=5)"", ""RX(q=7)"", ""CNOT(1->5)""]"
72	ep11867_s0	11867	0	0	0.0	4	3	rotosolve	sweeps=2	crlqas__L3_CH2_Singlet_8q__L3_CH2_Singlet_8q_rotosolve_s2_20k__seed11111__ep11867__snap0	/home/ubuntu/NeurIPS2026/PSQASBench/results/crlqas/L3_CH2_Singlet_8q/Formal_EXP/L3_CH2_Singlet_8q_rotosolve_s2_20k/seed11111	13	0.000623	0.000000	0.000000	0.000000	0.050000	13	2	11	4	9	69.23	rotosolve	CNOT(0->4)	RY(q=0) | RY(q=6) | RY(q=4) | CNOT(0->4)	RY(q=0,θ=+0.180) | RY(q=6,θ=+3.142) | RY(q=4,θ=-3.142) | CNOT(0->4)	"[""RY(q=0)"", ""RY(q=6)"", ""RY(q=4)"", ""CNOT(0->4)""]"
73	ep18342_s0	18342	0	1	0.0	4	3	rotosolve	sweeps=2	crlqas__L3_CH2_Singlet_8q__L3_CH2_Singlet_8q_rotosolve_s2_20k__seed11111__ep18342__snap0	/home/ubuntu/NeurIPS2026/PSQASBench/results/crlqas/L3_CH2_Singlet_8q/Formal_EXP/L3_CH2_Singlet_8q_rotosolve_s2_20k/seed11111	6	0.000623	0.000000	0.000000	0.000000	0.050000	6	2	4	4	2	33.33	rotosolve	CNOT(1->5)	RY(q=1) | RY(q=5) | RX(q=7) | CNOT(1->5)	RY(q=1,θ=+0.180) | RY(q=5,θ=-3.142) | RX(q=7,θ=+3.142) | CNOT(1->5)	"[""RY(q=1)"", ""RY(q=5)"", ""RX(q=7)"", ""CNOT(1->5)""]"
74	ep14078_s0	14078	0	1	0.0	4	3	rotosolve	sweeps=2	crlqas__L3_CH2_Singlet_8q__L3_CH2_Singlet_8q_rotosolve_s2_20k__seed11111__ep14078__snap0	/home/ubuntu/NeurIPS2026/PSQASBench/results/crlqas/L3_CH2_Singlet_8q/Formal_EXP/L3_CH2_Singlet_8q_rotosolve_s2_20k/seed11111	5	0.000623	0.000000	0.000000	0.000000	0.050000	5	1	4	4	1	20.00	rotosolve	CNOT(1->5)	RY(q=1) | RY(q=7) | RY(q=5) | CNOT(1->5)	RY(q=1,θ=+0.180) | RY(q=7,θ=+3.142) | RY(q=5,θ=-3.142) | CNOT(1->5)	"[""RY(q=1)"", ""RY(q=7)"", ""RY(q=5)"", ""CNOT(1->5)""]"
75	ep11050_s0	11050	0	1	0.0	4	2	rotosolve	sweeps=2	crlqas__L3_CH2_Singlet_8q__L3_CH2_Singlet_8q_rotosolve_s2_20k__seed11111__ep11050__snap0	/home/ubuntu/NeurIPS2026/PSQASBench/results/crlqas/L3_CH2_Singlet_8q/Formal_EXP/L3_CH2_Singlet_8q_rotosolve_s2_20k/seed11111	4	0.000623	0.000000	0.000000	0.000000	0.050000	4	1	3	4	0	0.00	rotosolve	CNOT(1->5)	RY(q=5) | RY(q=1) | CNOT(5->7) | CNOT(1->5)	RY(q=5,θ=-3.142) | RY(q=1,θ=+0.180) | CNOT(5->7) | CNOT(1->5)	"[""RY(q=5)"", ""RY(q=1)"", ""CNOT(5->7)"", ""CNOT(1->5)""]"
76	ep19196_s0	19196	0	1	0.0	4	3	rotosolve	sweeps=2	crlqas__L3_CH2_Singlet_8q__L3_CH2_Singlet_8q_rotosolve_s2_20k__seed11111__ep19196__snap0	/home/ubuntu/NeurIPS2026/PSQASBench/results/crlqas/L3_CH2_Singlet_8q/Formal_EXP/L3_CH2_Singlet_8q_rotosolve_s2_20k/seed11111	6	0.000623	0.000000	0.000000	0.000000	0.050000	6	1	5	4	2	33.33	rotosolve	CNOT(1->5)	RY(q=1) | RY(q=5) | RY(q=7) | CNOT(1->5)	RY(q=1,θ=+0.180) | RY(q=5,θ=-3.142) | RY(q=7,θ=+3.142) | CNOT(1->5)	"[""RY(q=1)"", ""RY(q=5)"", ""RY(q=7)"", ""CNOT(1->5)""]"
77	ep15155_s0	15155	0	1	0.0	4	3	rotosolve	sweeps=2	crlqas__L3_CH2_Singlet_8q__L3_CH2_Singlet_8q_rotosolve_s2_20k__seed11111__ep15155__snap0	/home/ubuntu/NeurIPS2026/PSQASBench/results/crlqas/L3_CH2_Singlet_8q/Formal_EXP/L3_CH2_Singlet_8q_rotosolve_s2_20k/seed11111	4	0.000623	0.000000	0.000000	0.000000	0.050000	4	2	2	4	0	0.00	rotosolve	CNOT(1->5)	RX(q=7) | RY(q=1) | RY(q=5) | CNOT(1->5)	RX(q=7,θ=-3.142) | RY(q=1,θ=+0.180) | RY(q=5,θ=-3.142) | CNOT(1->5)	"[""RX(q=7)"", ""RY(q=1)"", ""RY(q=5)"", ""CNOT(1->5)""]"
78	ep14648_s0	14648	0	1	0.0	4	3	rotosolve	sweeps=2	crlqas__L3_CH2_Singlet_8q__L3_CH2_Singlet_8q_rotosolve_s2_20k__seed11111__ep14648__snap0	/home/ubuntu/NeurIPS2026/PSQASBench/results/crlqas/L3_CH2_Singlet_8q/Formal_EXP/L3_CH2_Singlet_8q_rotosolve_s2_20k/seed11111	5	0.000623	0.000000	0.000000	0.000000	0.050000	5	2	3	4	1	20.00	rotosolve	CNOT(1->5)	RY(q=1) | RX(q=5) | RX(q=7) | CNOT(1->5)	RY(q=1,θ=+0.180) | RX(q=5,θ=-3.142) | RX(q=7,θ=+3.142) | CNOT(1->5)	"[""RY(q=1)"", ""RX(q=5)"", ""RX(q=7)"", ""CNOT(1->5)""]"
79	ep13334_s0	13334	0	1	0.0	4	2	rotosolve	sweeps=2	crlqas__L3_CH2_Singlet_8q__L3_CH2_Singlet_8q_rotosolve_s2_20k__seed11111__ep13334__snap0	/home/ubuntu/NeurIPS2026/PSQASBench/results/crlqas/L3_CH2_Singlet_8q/Formal_EXP/L3_CH2_Singlet_8q_rotosolve_s2_20k/seed11111	5	0.000623	0.000000	0.000000	0.000000	0.050000	5	1	4	4	1	20.00	rotosolve	CNOT(1->5)	RY(q=1) | RY(q=5) | CNOT(5->7) | CNOT(1->5)	RY(q=1,θ=+0.180) | RY(q=5,θ=-3.142) | CNOT(5->7) | CNOT(1->5)	"[""RY(q=1)"", ""RY(q=5)"", ""CNOT(5->7)"", ""CNOT(1->5)""]"
80	ep15771_s0	15771	0	0	0.0	4	3	rotosolve	sweeps=2	crlqas__L3_CH2_Singlet_8q__L3_CH2_Singlet_8q_rotosolve_s2_20k__seed11111__ep15771__snap0	/home/ubuntu/NeurIPS2026/PSQASBench/results/crlqas/L3_CH2_Singlet_8q/Formal_EXP/L3_CH2_Singlet_8q_rotosolve_s2_20k/seed11111	5	0.000623	0.000000	0.000000	0.000000	0.050000	5	1	4	4	1	20.00	rotosolve	CNOT(0->4)	RY(q=6) | RX(q=4) | RY(q=0) | CNOT(0->4)	RY(q=6,θ=+3.142) | RX(q=4,θ=-3.142) | RY(q=0,θ=+0.180) | CNOT(0->4)	"[""RY(q=6)"", ""RX(q=4)"", ""RY(q=0)"", ""CNOT(0->4)""]"
81	ep15997_s0	15997	0	1	0.0	4	3	rotosolve	sweeps=2	crlqas__L3_CH2_Singlet_8q__L3_CH2_Singlet_8q_rotosolve_s2_20k__seed11111__ep15997__snap0	/home/ubuntu/NeurIPS2026/PSQASBench/results/crlqas/L3_CH2_Singlet_8q/Formal_EXP/L3_CH2_Singlet_8q_rotosolve_s2_20k/seed11111	5	0.000623	0.000000	0.000000	0.000000	0.050000	5	2	3	4	1	20.00	rotosolve	CNOT(1->5)	RY(q=1) | RY(q=5) | RX(q=7) | CNOT(1->5)	RY(q=1,θ=+0.180) | RY(q=5,θ=-3.142) | RX(q=7,θ=+3.142) | CNOT(1->5)	"[""RY(q=1)"", ""RY(q=5)"", ""RX(q=7)"", ""CNOT(1->5)""]"
82	ep19064_s0	19064	0	1	0.0	4	3	rotosolve	sweeps=2	crlqas__L3_CH2_Singlet_8q__L3_CH2_Singlet_8q_rotosolve_s2_20k__seed11111__ep19064__snap0	/home/ubuntu/NeurIPS2026/PSQASBench/results/crlqas/L3_CH2_Singlet_8q/Formal_EXP/L3_CH2_Singlet_8q_rotosolve_s2_20k/seed11111	7	0.000623	0.000000	0.000000	0.000000	0.050000	7	2	5	4	3	42.86	rotosolve	CNOT(1->5)	RY(q=1) | RY(q=5) | RX(q=7) | CNOT(1->5)	RY(q=1,θ=+0.180) | RY(q=5,θ=-3.142) | RX(q=7,θ=+3.142) | CNOT(1->5)	"[""RY(q=1)"", ""RY(q=5)"", ""RX(q=7)"", ""CNOT(1->5)""]"
83	ep14541_s0	14541	0	0	0.0	4	3	rotosolve	sweeps=2	crlqas__L3_CH2_Singlet_8q__L3_CH2_Singlet_8q_rotosolve_s2_20k__seed11111__ep14541__snap0	/home/ubuntu/NeurIPS2026/PSQASBench/results/crlqas/L3_CH2_Singlet_8q/Formal_EXP/L3_CH2_Singlet_8q_rotosolve_s2_20k/seed11111	7	0.000623	0.000000	0.000000	0.000000	0.050000	7	1	6	4	3	42.86	rotosolve	CNOT(0->4)	RY(q=4) | RY(q=0) | RY(q=6) | CNOT(0->4)	RY(q=4,θ=-3.142) | RY(q=0,θ=+0.180) | RY(q=6,θ=+3.142) | CNOT(0->4)	"[""RY(q=4)"", ""RY(q=0)"", ""RY(q=6)"", ""CNOT(0->4)""]"
84	ep11060_s0	11060	0	1	0.0	4	2	rotosolve	sweeps=2	crlqas__L3_CH2_Singlet_8q__L3_CH2_Singlet_8q_rotosolve_s2_20k__seed11111__ep11060__snap0	/home/ubuntu/NeurIPS2026/PSQASBench/results/crlqas/L3_CH2_Singlet_8q/Formal_EXP/L3_CH2_Singlet_8q_rotosolve_s2_20k/seed11111	5	0.000623	0.000000	0.000000	0.000000	0.050000	5	1	4	4	1	20.00	rotosolve	CNOT(1->5)	RY(q=1) | RY(q=5) | CNOT(5->7) | CNOT(1->5)	RY(q=1,θ=+0.180) | RY(q=5,θ=-3.142) | CNOT(5->7) | CNOT(1->5)	"[""RY(q=1)"", ""RY(q=5)"", ""CNOT(5->7)"", ""CNOT(1->5)""]"
85	ep16699_s0	16699	0	1	0.0	4	3	rotosolve	sweeps=2	crlqas__L3_CH2_Singlet_8q__L3_CH2_Singlet_8q_rotosolve_s2_20k__seed11111__ep16699__snap0	/home/ubuntu/NeurIPS2026/PSQASBench/results/crlqas/L3_CH2_Singlet_8q/Formal_EXP/L3_CH2_Singlet_8q_rotosolve_s2_20k/seed11111	7	0.000623	0.000000	0.000000	0.000000	0.050000	7	1	6	4	3	42.86	rotosolve	CNOT(1->5)	RY(q=1) | RY(q=7) | RY(q=5) | CNOT(1->5)	RY(q=1,θ=+0.180) | RY(q=7,θ=+3.142) | RY(q=5,θ=-3.142) | CNOT(1->5)	"[""RY(q=1)"", ""RY(q=7)"", ""RY(q=5)"", ""CNOT(1->5)""]"
86	ep13586_s0	13586	0	1	0.0	4	2	rotosolve	sweeps=2	crlqas__L3_CH2_Singlet_8q__L3_CH2_Singlet_8q_rotosolve_s2_20k__seed11111__ep13586__snap0	/home/ubuntu/NeurIPS2026/PSQASBench/results/crlqas/L3_CH2_Singlet_8q/Formal_EXP/L3_CH2_Singlet_8q_rotosolve_s2_20k/seed11111	5	0.000623	0.000000	0.000000	0.000000	0.050000	5	1	4	4	1	20.00	rotosolve	CNOT(1->5)	RY(q=5) | RY(q=1) | CNOT(5->7) | CNOT(1->5)	RY(q=5,θ=-3.142) | RY(q=1,θ=+0.180) | CNOT(5->7) | CNOT(1->5)	"[""RY(q=5)"", ""RY(q=1)"", ""CNOT(5->7)"", ""CNOT(1->5)""]"
87	ep15909_s0	15909	0	1	0.0	4	3	rotosolve	sweeps=2	crlqas__L3_CH2_Singlet_8q__L3_CH2_Singlet_8q_rotosolve_s2_20k__seed11111__ep15909__snap0	/home/ubuntu/NeurIPS2026/PSQASBench/results/crlqas/L3_CH2_Singlet_8q/Formal_EXP/L3_CH2_Singlet_8q_rotosolve_s2_20k/seed11111	7	0.000623	0.000000	0.000000	0.000000	0.050000	7	2	5	4	3	42.86	rotosolve	CNOT(1->5)	RY(q=1) | RY(q=7) | RY(q=5) | CNOT(1->5)	RY(q=1,θ=+0.180) | RY(q=7,θ=+3.142) | RY(q=5,θ=-3.142) | CNOT(1->5)	"[""RY(q=1)"", ""RY(q=7)"", ""RY(q=5)"", ""CNOT(1->5)""]"
88	ep3356_s0	3356	0	0	0.0	5	2	rotosolve	sweeps=2	crlqas__L3_CH2_Singlet_8q__L3_CH2_Singlet_8q_rotosolve_s2_20k__seed11111__ep3356__snap0	/home/ubuntu/NeurIPS2026/PSQASBench/results/crlqas/L3_CH2_Singlet_8q/Formal_EXP/L3_CH2_Singlet_8q_rotosolve_s2_20k/seed11111	16	0.000623	0.000000	0.000000	0.000000	0.050000	16	0	16	5	11	68.75	rotosolve	CNOT(6->4)	RX(q=6) | RY(q=4) | CNOT(6->4) | CNOT(4->0) | CNOT(6->4)	RX(q=6,θ=-3.142) | RY(q=4,θ=+2.961) | CNOT(6->4) | CNOT(4->0) | CNOT(6->4)	"[""RX(q=6)"", ""RY(q=4)"", ""CNOT(6->4)"", ""CNOT(4->0)"", ""CNOT(6->4)""]"
89	ep8273_s0	8273	0	1	0.0	4	3	rotosolve	sweeps=2	crlqas__L3_CH2_Singlet_8q__L3_CH2_Singlet_8q_rotosolve_s2_20k__seed11111__ep8273__snap0	/home/ubuntu/NeurIPS2026/PSQASBench/results/crlqas/L3_CH2_Singlet_8q/Formal_EXP/L3_CH2_Singlet_8q_rotosolve_s2_20k/seed11111	8	0.000623	0.000000	0.000000	0.000000	0.050000	8	2	6	4	4	50.00	rotosolve	CNOT(1->5)	RY(q=1) | RY(q=5) | RX(q=7) | CNOT(1->5)	RY(q=1,θ=+0.180) | RY(q=5,θ=-3.142) | RX(q=7,θ=+3.142) | CNOT(1->5)	"[""RY(q=1)"", ""RY(q=5)"", ""RX(q=7)"", ""CNOT(1->5)""]"
90	ep8238_s0	8238	0	1	0.0	4	3	rotosolve	sweeps=2	crlqas__L3_CH2_Singlet_8q__L3_CH2_Singlet_8q_rotosolve_s2_20k__seed11111__ep8238__snap0	/home/ubuntu/NeurIPS2026/PSQASBench/results/crlqas/L3_CH2_Singlet_8q/Formal_EXP/L3_CH2_Singlet_8q_rotosolve_s2_20k/seed11111	7	0.000623	0.000000	0.000000	0.000000	0.050000	7	0	7	4	3	42.86	rotosolve	RY(q=7)	RY(q=5) | RY(q=1) | CNOT(5->1) | RY(q=7)	RY(q=5,θ=+2.961) | RY(q=1,θ=+3.142) | CNOT(5->1) | RY(q=7,θ=+3.142)	"[""RY(q=5)"", ""RY(q=1)"", ""CNOT(5->1)"", ""RY(q=7)""]"
91	ep14134_s0	14134	0	1	0.0	4	3	rotosolve	sweeps=2	crlqas__L3_CH2_Singlet_8q__L3_CH2_Singlet_8q_rotosolve_s2_20k__seed11111__ep14134__snap0	/home/ubuntu/NeurIPS2026/PSQASBench/results/crlqas/L3_CH2_Singlet_8q/Formal_EXP/L3_CH2_Singlet_8q_rotosolve_s2_20k/seed11111	5	0.000623	0.000000	0.000000	0.000000	0.050000	5	2	3	4	1	20.00	rotosolve	CNOT(1->5)	RY(q=1) | RY(q=5) | RX(q=7) | CNOT(1->5)	RY(q=1,θ=+0.180) | RY(q=5,θ=-3.142) | RX(q=7,θ=+3.142) | CNOT(1->5)	"[""RY(q=1)"", ""RY(q=5)"", ""RX(q=7)"", ""CNOT(1->5)""]"
92	ep15881_s0	15881	0	1	0.0	4	3	rotosolve	sweeps=2	crlqas__L3_CH2_Singlet_8q__L3_CH2_Singlet_8q_rotosolve_s2_20k__seed11111__ep15881__snap0	/home/ubuntu/NeurIPS2026/PSQASBench/results/crlqas/L3_CH2_Singlet_8q/Formal_EXP/L3_CH2_Singlet_8q_rotosolve_s2_20k/seed11111	6	0.000623	0.000000	0.000000	0.000000	0.050000	6	3	3	4	2	33.33	rotosolve	CNOT(1->5)	RY(q=1) | RY(q=5) | RX(q=7) | CNOT(1->5)	RY(q=1,θ=+0.180) | RY(q=5,θ=-3.142) | RX(q=7,θ=+3.142) | CNOT(1->5)	"[""RY(q=1)"", ""RY(q=5)"", ""RX(q=7)"", ""CNOT(1->5)""]"
93	ep12876_s0	12876	0	0	0.0	4	3	rotosolve	sweeps=2	crlqas__L3_CH2_Singlet_8q__L3_CH2_Singlet_8q_rotosolve_s2_20k__seed11111__ep12876__snap0	/home/ubuntu/NeurIPS2026/PSQASBench/results/crlqas/L3_CH2_Singlet_8q/Formal_EXP/L3_CH2_Singlet_8q_rotosolve_s2_20k/seed11111	11	0.000623	0.000000	0.000000	0.000000	0.050000	11	2	9	4	7	63.64	rotosolve	CNOT(0->4)	RY(q=4) | RY(q=0) | RX(q=6) | CNOT(0->4)	RY(q=4,θ=-3.142) | RY(q=0,θ=+0.180) | RX(q=6,θ=+3.142) | CNOT(0->4)	"[""RY(q=4)"", ""RY(q=0)"", ""RX(q=6)"", ""CNOT(0->4)""]"
94	ep8193_s0	8193	0	1	0.0	4	3	rotosolve	sweeps=2	crlqas__L3_CH2_Singlet_8q__L3_CH2_Singlet_8q_rotosolve_s2_20k__seed11111__ep8193__snap0	/home/ubuntu/NeurIPS2026/PSQASBench/results/crlqas/L3_CH2_Singlet_8q/Formal_EXP/L3_CH2_Singlet_8q_rotosolve_s2_20k/seed11111	7	0.000623	0.000000	0.000000	0.000000	0.050000	7	2	5	4	3	42.86	rotosolve	CNOT(1->5)	RY(q=1) | RY(q=5) | RX(q=7) | CNOT(1->5)	RY(q=1,θ=+0.180) | RY(q=5,θ=-3.142) | RX(q=7,θ=+3.142) | CNOT(1->5)	"[""RY(q=1)"", ""RY(q=5)"", ""RX(q=7)"", ""CNOT(1->5)""]"
95	ep19889_s0	19889	0	1	0.0	4	3	rotosolve	sweeps=2	crlqas__L3_CH2_Singlet_8q__L3_CH2_Singlet_8q_rotosolve_s2_20k__seed11111__ep19889__snap0	/home/ubuntu/NeurIPS2026/PSQASBench/results/crlqas/L3_CH2_Singlet_8q/Formal_EXP/L3_CH2_Singlet_8q_rotosolve_s2_20k/seed11111	6	0.000623	0.000000	0.000000	0.000000	0.050000	6	2	4	4	2	33.33	rotosolve	CNOT(1->5)	RY(q=1) | RY(q=5) | RX(q=7) | CNOT(1->5)	RY(q=1,θ=+0.180) | RY(q=5,θ=-3.142) | RX(q=7,θ=+3.142) | CNOT(1->5)	"[""RY(q=1)"", ""RY(q=5)"", ""RX(q=7)"", ""CNOT(1->5)""]"
96	ep7970_s0	7970	0	1	0.0	4	3	rotosolve	sweeps=2	crlqas__L3_CH2_Singlet_8q__L3_CH2_Singlet_8q_rotosolve_s2_20k__seed11111__ep7970__snap0	/home/ubuntu/NeurIPS2026/PSQASBench/results/crlqas/L3_CH2_Singlet_8q/Formal_EXP/L3_CH2_Singlet_8q_rotosolve_s2_20k/seed11111	11	0.000623	0.000000	0.000000	0.000000	0.050000	11	2	9	4	7	63.64	rotosolve	CNOT(1->5)	RY(q=1) | RY(q=5) | RY(q=7) | CNOT(1->5)	RY(q=1,θ=+0.180) | RY(q=5,θ=-3.142) | RY(q=7,θ=+3.142) | CNOT(1->5)	"[""RY(q=1)"", ""RY(q=5)"", ""RY(q=7)"", ""CNOT(1->5)""]"
97	ep16972_s0	16972	0	0	0.0	4	3	rotosolve	sweeps=2	crlqas__L3_CH2_Singlet_8q__L3_CH2_Singlet_8q_rotosolve_s2_20k__seed11111__ep16972__snap0	/home/ubuntu/NeurIPS2026/PSQASBench/results/crlqas/L3_CH2_Singlet_8q/Formal_EXP/L3_CH2_Singlet_8q_rotosolve_s2_20k/seed11111	5	0.000623	0.000000	0.000000	0.000000	0.050000	5	1	4	4	1	20.00	rotosolve	CNOT(0->4)	RX(q=4) | RX(q=6) | RY(q=0) | CNOT(0->4)	RX(q=4,θ=-3.142) | RX(q=6,θ=+3.142) | RY(q=0,θ=+0.180) | CNOT(0->4)	"[""RX(q=4)"", ""RX(q=6)"", ""RY(q=0)"", ""CNOT(0->4)""]"
98	ep16349_s0	16349	0	1	0.0	4	3	rotosolve	sweeps=2	crlqas__L3_CH2_Singlet_8q__L3_CH2_Singlet_8q_rotosolve_s2_20k__seed11111__ep16349__snap0	/home/ubuntu/NeurIPS2026/PSQASBench/results/crlqas/L3_CH2_Singlet_8q/Formal_EXP/L3_CH2_Singlet_8q_rotosolve_s2_20k/seed11111	7	0.000623	0.000000	0.000000	0.000000	0.050000	7	2	5	4	3	42.86	rotosolve	CNOT(1->5)	RY(q=1) | RY(q=5) | RX(q=7) | CNOT(1->5)	RY(q=1,θ=+0.180) | RY(q=5,θ=-3.142) | RX(q=7,θ=+3.142) | CNOT(1->5)	"[""RY(q=1)"", ""RY(q=5)"", ""RX(q=7)"", ""CNOT(1->5)""]"
99	ep15799_s0	15799	0	1	0.0	4	3	rotosolve	sweeps=2	crlqas__L3_CH2_Singlet_8q__L3_CH2_Singlet_8q_rotosolve_s2_20k__seed11111__ep15799__snap0	/home/ubuntu/NeurIPS2026/PSQASBench/results/crlqas/L3_CH2_Singlet_8q/Formal_EXP/L3_CH2_Singlet_8q_rotosolve_s2_20k/seed11111	16	0.000623	0.000000	0.000000	0.000000	0.050000	16	3	13	4	12	75.00	rotosolve	RX(q=7)	RY(q=1) | RY(q=5) | CNOT(1->5) | RX(q=7)	RY(q=1,θ=+0.180) | RY(q=5,θ=-3.142) | CNOT(1->5) | RX(q=7,θ=+3.142)	"[""RY(q=1)"", ""RY(q=5)"", ""CNOT(1->5)"", ""RX(q=7)""]"
