episode	snapshot_index	label	cluster	total_seen	cum_cluster0	cum_cluster1	frac_cluster0	frac_cluster1
238	0	ep238_s0	1	1	0	1	0.0	1.0
2199	0	ep2199_s0	0	2	1	1	0.5	0.5
3356	0	ep3356_s0	0	3	2	1	0.6666666666666666	0.3333333333333333
6318	0	ep6318_s0	0	4	3	1	0.75	0.25
7028	0	ep7028_s0	0	5	4	1	0.8	0.2
7182	0	ep7182_s0	0	6	5	1	0.8333333333333334	0.16666666666666666
7374	0	ep7374_s0	1	7	5	2	0.7142857142857143	0.2857142857142857
7751	0	ep7751_s0	1	8	5	3	0.625	0.375
7970	0	ep7970_s0	1	9	5	4	0.5555555555555556	0.4444444444444444
8081	0	ep8081_s0	1	10	5	5	0.5	0.5
8193	0	ep8193_s0	1	11	5	6	0.45454545454545453	0.5454545454545454
8238	0	ep8238_s0	1	12	5	7	0.4166666666666667	0.5833333333333334
8273	0	ep8273_s0	1	13	5	8	0.38461538461538464	0.6153846153846154
8316	0	ep8316_s0	1	14	5	9	0.35714285714285715	0.6428571428571429
8360	0	ep8360_s0	1	15	5	10	0.3333333333333333	0.6666666666666666
8596	0	ep8596_s0	1	16	5	11	0.3125	0.6875
8689	0	ep8689_s0	1	17	5	12	0.29411764705882354	0.7058823529411765
8752	0	ep8752_s0	1	18	5	13	0.2777777777777778	0.7222222222222222
9195	0	ep9195_s0	1	19	5	14	0.2631578947368421	0.7368421052631579
9260	0	ep9260_s0	1	20	5	15	0.25	0.75
9339	0	ep9339_s0	1	21	5	16	0.23809523809523808	0.7619047619047619
9375	0	ep9375_s0	1	22	5	17	0.22727272727272727	0.7727272727272727
9823	0	ep9823_s0	1	23	5	18	0.21739130434782608	0.782608695652174
9997	0	ep9997_s0	1	24	5	19	0.20833333333333334	0.7916666666666666
10157	0	ep10157_s0	0	25	6	19	0.24	0.76
10177	0	ep10177_s0	1	26	6	20	0.23076923076923078	0.7692307692307693
10182	0	ep10182_s0	1	27	6	21	0.2222222222222222	0.7777777777777778
10414	0	ep10414_s0	0	28	7	21	0.25	0.75
10825	0	ep10825_s0	1	29	7	22	0.2413793103448276	0.7586206896551724
10882	0	ep10882_s0	0	30	8	22	0.26666666666666666	0.7333333333333333
11022	0	ep11022_s0	1	31	8	23	0.25806451612903225	0.7419354838709677
11024	0	ep11024_s0	1	32	8	24	0.25	0.75
11050	0	ep11050_s0	1	33	8	25	0.24242424242424243	0.7575757575757576
11060	0	ep11060_s0	1	34	8	26	0.23529411764705882	0.7647058823529411
11157	0	ep11157_s0	1	35	8	27	0.22857142857142856	0.7714285714285715
11302	0	ep11302_s0	1	36	8	28	0.2222222222222222	0.7777777777777778
11589	0	ep11589_s0	1	37	8	29	0.21621621621621623	0.7837837837837838
11662	0	ep11662_s0	1	38	8	30	0.21052631578947367	0.7894736842105263
11867	0	ep11867_s0	0	39	9	30	0.23076923076923078	0.7692307692307693
12140	0	ep12140_s0	1	40	9	31	0.225	0.775
12216	0	ep12216_s0	1	41	9	32	0.21951219512195122	0.7804878048780488
12218	0	ep12218_s0	1	42	9	33	0.21428571428571427	0.7857142857142857
12759	0	ep12759_s0	1	43	9	34	0.20930232558139536	0.7906976744186046
12828	0	ep12828_s0	1	44	9	35	0.20454545454545456	0.7954545454545454
12876	0	ep12876_s0	0	45	10	35	0.2222222222222222	0.7777777777777778
13334	0	ep13334_s0	1	46	10	36	0.21739130434782608	0.782608695652174
13586	0	ep13586_s0	1	47	10	37	0.2127659574468085	0.7872340425531915
13699	0	ep13699_s0	1	48	10	38	0.20833333333333334	0.7916666666666666
13899	0	ep13899_s0	1	49	10	39	0.20408163265306123	0.7959183673469388
13909	0	ep13909_s0	1	50	10	40	0.2	0.8
14078	0	ep14078_s0	1	51	10	41	0.19607843137254902	0.803921568627451
14134	0	ep14134_s0	1	52	10	42	0.19230769230769232	0.8076923076923077
14438	0	ep14438_s0	1	53	10	43	0.18867924528301888	0.8113207547169812
14467	0	ep14467_s0	1	54	10	44	0.18518518518518517	0.8148148148148148
14541	0	ep14541_s0	0	55	11	44	0.2	0.8
14570	0	ep14570_s0	0	56	12	44	0.21428571428571427	0.7857142857142857
14648	0	ep14648_s0	1	57	12	45	0.21052631578947367	0.7894736842105263
14687	0	ep14687_s0	0	58	13	45	0.22413793103448276	0.7758620689655172
15100	0	ep15100_s0	0	59	14	45	0.23728813559322035	0.7627118644067796
15155	0	ep15155_s0	1	60	14	46	0.23333333333333334	0.7666666666666667
15363	0	ep15363_s0	1	61	14	47	0.22950819672131148	0.7704918032786885
15635	0	ep15635_s0	1	62	14	48	0.22580645161290322	0.7741935483870968
15771	0	ep15771_s0	0	63	15	48	0.23809523809523808	0.7619047619047619
15799	0	ep15799_s0	1	64	15	49	0.234375	0.765625
15828	0	ep15828_s0	1	65	15	50	0.23076923076923078	0.7692307692307693
15881	0	ep15881_s0	1	66	15	51	0.22727272727272727	0.7727272727272727
15909	0	ep15909_s0	1	67	15	52	0.22388059701492538	0.7761194029850746
15997	0	ep15997_s0	1	68	15	53	0.22058823529411764	0.7794117647058824
16051	0	ep16051_s0	0	69	16	53	0.2318840579710145	0.7681159420289855
16349	0	ep16349_s0	1	70	16	54	0.22857142857142856	0.7714285714285715
16549	0	ep16549_s0	1	71	16	55	0.22535211267605634	0.7746478873239436
16597	0	ep16597_s0	1	72	16	56	0.2222222222222222	0.7777777777777778
16699	0	ep16699_s0	1	73	16	57	0.2191780821917808	0.7808219178082192
16735	0	ep16735_s0	1	74	16	58	0.21621621621621623	0.7837837837837838
16972	0	ep16972_s0	0	75	17	58	0.22666666666666666	0.7733333333333333
16998	0	ep16998_s0	1	76	17	59	0.2236842105263158	0.7763157894736842
17062	0	ep17062_s0	1	77	17	60	0.22077922077922077	0.7792207792207793
17195	0	ep17195_s0	1	78	17	61	0.21794871794871795	0.782051282051282
17357	0	ep17357_s0	1	79	17	62	0.21518987341772153	0.7848101265822784
17468	0	ep17468_s0	1	80	17	63	0.2125	0.7875
17524	0	ep17524_s0	1	81	17	64	0.20987654320987653	0.7901234567901234
17692	0	ep17692_s0	1	82	17	65	0.2073170731707317	0.7926829268292683
17891	0	ep17891_s0	1	83	17	66	0.20481927710843373	0.7951807228915663
18010	0	ep18010_s0	1	84	17	67	0.20238095238095238	0.7976190476190477
18029	0	ep18029_s0	1	85	17	68	0.2	0.8
18124	0	ep18124_s0	1	86	17	69	0.19767441860465115	0.8023255813953488
18265	0	ep18265_s0	1	87	17	70	0.19540229885057472	0.8045977011494253
18342	0	ep18342_s0	1	88	17	71	0.19318181818181818	0.8068181818181818
18355	0	ep18355_s0	1	89	17	72	0.19101123595505617	0.8089887640449438
18556	0	ep18556_s0	1	90	17	73	0.18888888888888888	0.8111111111111111
18630	0	ep18630_s0	1	91	17	74	0.18681318681318682	0.8131868131868132
18776	0	ep18776_s0	1	92	17	75	0.18478260869565216	0.8152173913043478
19064	0	ep19064_s0	1	93	17	76	0.1827956989247312	0.8172043010752689
19196	0	ep19196_s0	1	94	17	77	0.18085106382978725	0.8191489361702128
19498	0	ep19498_s0	1	95	17	78	0.17894736842105263	0.8210526315789474
19516	0	ep19516_s0	1	96	17	79	0.17708333333333334	0.8229166666666666
19633	0	ep19633_s0	1	97	17	80	0.17525773195876287	0.8247422680412371
19802	0	ep19802_s0	1	98	17	81	0.17346938775510204	0.826530612244898
19832	0	ep19832_s0	1	99	17	82	0.1717171717171717	0.8282828282828283
19889	0	ep19889_s0	1	100	17	83	0.17	0.83
